"页面网址","标题","字段3","时间","字段5","字段6","字段7","字段8","字段9"
"https://landing.toutiao.com/i6415754592293749249/","孕妇留长发会和胎儿抢营养么？","每日穿衣搭配师","2017-05-03 12:04:31","大多数孕妈知道自己怀孕时都会选择到美发店建一个利落的短发，因为自己腹中的宝宝需要很多营养，怕被浓密的秀发“抢走”。虽然有百般不舍，但为了孩子，很多妈妈还是选择剪掉。那么我们的头发真的会“抢走”供给宝宝的营养么？","<p>本文原创，欢迎个人分享转发，媒体转载请联系作者</p><p>作者丨yimibama：知更鸟</p><p>大多数孕妈知道自己怀孕时都会选择到美发店建一个利落的短发，因为自己腹中的宝宝需要很多营养，怕被浓密的秀发“抢走”。虽然有百般不舍，但为了孩子，很多妈妈还是选择剪掉。那么我们的头发真的会“抢走”供给宝宝的营养么？</p><p><img src=""http://p9.pstatp.com/large/1dc800004499535ce847"" img_width=""376"" img_height=""276"" alt=""孕妇留长发会和胎儿抢营养么？"" inline=""0""></p><p><strong>头发生长靠什么？</strong></p><p>我们的毛发大概分为毛囊、毛干两部分，而毛囊和毛根结合的地方会在头皮下形成一个彭起的毛球，这个毛球才是毛发汲取营养的部分。而我们能“看到”的头发是毛球吸收营养后长出的毛干，是发根吸收营养后“合成”的产物，本身不会有代谢和消耗了。所以我们的秀发是不会抢走宝宝的营养的，应该说单纯剪掉头发是不能遏制毛发生长所需要消耗的部分。所以为这个理由而剪掉长发的妈妈们可以再考虑一下！</p><p><img src=""http://p9.pstatp.com/large/1dc5000319e07184c5d0"" img_width=""550"" img_height=""356"" alt=""孕妇留长发会和胎儿抢营养么？"" inline=""0""></p><p><strong>头发生长能抢走胎儿的营养么？</strong></p><p>答案是不会的。母体会优先为胎儿发育配置所需要的营养，毛发生长过程中需要的部分微乎其微，并不足以影响胎儿发育。所以妈妈们无需为此担心。</p><p><img src=""http://p3.pstatp.com/large/1dc8000044bf182f4bd3"" img_width=""524"" img_height=""644"" alt=""孕妇留长发会和胎儿抢营养么？"" inline=""0""></p><p>由于孕期妈妈和产后妈妈行动不便，不能够经常清理头发，剪掉长发会让妈妈们更加舒适。所以基于这一点，很多妈妈选择了剪掉长发，可不是为了“节约”营养哦。</p>","本文原创，欢迎个人分享转发，媒体转载请联系作者作者丨yimibama：知更鸟大多数孕妈知道自己怀孕时都会选择到美发店建一个利落的短发，因为自己腹中的宝宝需要很多营养，怕被浓密的秀发“抢走”。虽然有百般不舍，但为了孩子，很多妈妈还是选择剪掉。那么我们的头发真的会“抢走”供给宝宝的营养么？头发生长靠什么？我们的毛发大概分为毛囊、毛干两部分，而毛囊和毛根结合的地方会在头皮下形成一个彭起的毛球，这个毛球才是毛发汲取营养的部分。而我们能“看到”的头发是毛球吸收营养后长出的毛干，是发根吸收营养后“合成”的产物，本身不会有代谢和消耗了。所以我们的秀发是不会抢走宝宝的营养的，应该说单纯剪掉头发是不能遏制毛发生长所需要消耗的部分。所以为这个理由而剪掉长发的妈妈们可以再考虑一下！头发生长能抢走胎儿的营养么？答案是不会的。母体会优先为胎儿发育配置所需要的营养，毛发生长过程中需要的部分微乎其微，并不足以影响胎儿发育。所以妈妈们无需为此担心。由于孕期妈妈和产后妈妈行动不便，不能够经常清理头发，剪掉长发会让妈妈们更加舒适。所以基于这一点，很多妈妈选择了剪掉长发，可不是为了“节约”营养哦。","怀孕孕产育儿","育儿"
"https://landing.toutiao.com/i6415755387433124354/","哺乳如上刑丨有一种痛，叫乳头皲裂……","2017-05-03 12:07:36",,"乳头皲裂，即乳头被嘬伤，看似是一件不太起眼的小事。但实际上，比起乳腺炎、母婴分离等，更易成为妈妈们母乳之路上的障碍。乳头皲裂后，哺乳如“上刑”，还极易愈后复发，今天小爱就跟宝妈们聊聊“乳头皲裂”，俗话说“知己知彼，方能百战不殆”嘛。","<p>母乳喂养的好处已经无需小爱在多说些什么了，从越来越的妈妈都开始坚持母乳喂养就能看出来。但是母乳喂养并不是一件轻松的事，“奶水少、不出奶、乳头皲裂...”等等问题或多或少都会出现在新手妈妈的母乳喂养日常中。</p><p><img src=""http://p9.pstatp.com/large/1dc400004a4f1ae7e9fb"" img_width=""640"" img_height=""362"" alt=""哺乳如上刑丨有一种痛，叫乳头皲裂……"" inline=""0""></p><p>乳头皲裂，即乳头被嘬伤，看似是一件不太起眼的小事。但实际上，比起乳腺炎、母婴分离等，更易成为妈妈们母乳之路上的障碍。乳头皲裂后，哺乳如“上刑”，还极易愈后复发，今天小爱就跟宝妈们聊聊“乳头皲裂”，俗话说“知己知彼，方能百战不殆”嘛。</p><p><img src=""http://p1.pstatp.com/large/1dc400004a60f8e040f4"" img_width=""343"" img_height=""240"" alt=""哺乳如上刑丨有一种痛，叫乳头皲裂……"" inline=""0""></p><p><strong>「乳头皲裂」的原因</strong></p><p>乳头皲裂，是指哺乳期妈妈乳头表面发生了小裂口、出血等情况。乳头皲裂很容易出现在孩子出生的第一个月，以及宝宝乳牙萌发期是咬伤妈妈最常见时期。</p><p>造成宝妈乳头皲裂的常见原因如下：</p><p>☑喂奶姿势不正确；</p><p>☑乳汁太多太少；</p><p>☑宝宝萌芽期牙龈按摩刺激不够；</p><p>☑乳头条件不好：乳头内陷、短小、巨大、皮肤太过娇嫩。</p><p>乳头上含有丰富的血管神经，一旦发生乳头皲裂，宝宝的每一次吸吮，都会给妈妈带来剧烈的疼痛。短时间也许还能忍受，但时间一长难免会让妈妈们萌生退意，为了减轻痛苦，有些妈妈只能无奈减少喂奶次数，或是不喂奶。</p><p><img src=""http://p3.pstatp.com/large/1dbe000320044c900591"" img_width=""640"" img_height=""627"" alt=""哺乳如上刑丨有一种痛，叫乳头皲裂……"" inline=""0""></p><p><strong>「乳头皲裂」预防最重要</strong></p><p>乳头皲裂常常会反复发作，为了宝宝的母乳，也为了妈妈喂奶不痛苦，得学会如何预防！其中，正确的喂养姿势就是有效预防乳头皲裂的最佳方式。宝宝正确含接乳头，也能让妈妈哺乳时更舒适。小爱提示宝妈们，不论采取哪种哺乳姿势，都要注意这四点：</p><p>☛宝宝的头和身体在一条直线上；</p><p>☛宝宝的脸贴近乳房，鼻子对着乳头；</p><p>☛宝宝身体贴近妈妈，含住大部分乳晕；</p><p>☛如果是新生儿，不仅要托住其头部和肩部，还要托住臀部。</p><p>除了正确哺乳，还要注意乳头清洁：每次喂奶前后可用温水轻轻洗净乳头、乳晕，擦干后涂抹乳头修护霜，保持乳头周围皮肤的清洁和滋润，降低发生裂口的可能。</p><p><img src=""http://p1.pstatp.com/large/1f7b000042fd74aff90b"" img_width=""350"" img_height=""200"" alt=""哺乳如上刑丨有一种痛，叫乳头皲裂……"" inline=""0""></p><p><strong>万一乳头还是破了，怎么办？</strong></p><p>避免乳头不受伤当然是最好的，但有时受伤总是“在所难免”。如果不幸受伤，宝妈们千万不要硬撑着给宝宝喂奶，可以试试下面的方法来减轻痛苦。</p><p>1、提前刺激下奶：喂奶前，先用毛巾热敷，按摩乳房刺激乳汁分泌，挤出少量奶水使乳晕变软，易于宝宝含接乳头。</p><p>2、有顺序的喂奶：喂奶的时候先选没受伤或是受伤较轻的一侧，并经常变换喂奶姿势，以减轻用力吸吮对乳头的刺激。</p><p>3、保护乳头皮肤：每次哺乳完可以挤点奶水涂抹在乳头及乳晕上自然干，或者涂抹乳头修护霜来保护乳头，另外佩戴母乳保护罩（硬质）也是个不错的选择。</p><p><img src=""http://p3.pstatp.com/large/1dca00031eaff9712683"" img_width=""672"" img_height=""372"" alt=""哺乳如上刑丨有一种痛，叫乳头皲裂……"" inline=""0""></p><p>4、避免乳头牵拉：宝宝咬住奶头的时候，不要直接将乳头拽出，可以尝试把宝宝抱紧，用乳房的其余部分贴近宝宝的鼻子，让宝宝暂时没法用鼻子呼吸，自然就松嘴了。</p><p>5、及时寻求帮助：如果裂口老是好不了或反复发作，别犹豫啦，及早去医院就诊。让医生诊断，了解皲裂的原因，才能对症指导、用药。</p><p>6、必要时减少吸吮：如果裂口疼得厉害，就减少亲喂；也可佩戴软性母乳保护罩，避免喂养时乳头与宝宝直接接触；还可以用手挤出奶水，或用吸奶器吸奶，等伤口愈合后再亲自喂养。</p><p><img src=""http://p3.pstatp.com/large/1f7b000043359ec81356"" img_width=""672"" img_height=""377"" alt=""哺乳如上刑丨有一种痛，叫乳头皲裂……"" inline=""0""></p><p>好了，关于乳头皲裂的话题，小爱就分享到这里。最后提醒各位宝妈，就算乳头皲裂，也不能轻易放弃母乳喂养哦！因为无论科技怎么发达,天然的总会比用科学合成的更好！</p>","母乳喂养的好处已经无需小爱在多说些什么了，从越来越的妈妈都开始坚持母乳喂养就能看出来。但是母乳喂养并不是一件轻松的事，“奶水少、不出奶、乳头皲裂...”等等问题或多或少都会出现在新手妈妈的母乳喂养日常中。乳头皲裂，即乳头被嘬伤，看似是一件不太起眼的小事。但实际上，比起乳腺炎、母婴分离等，更易成为妈妈们母乳之路上的障碍。乳头皲裂后，哺乳如“上刑”，还极易愈后复发，今天小爱就跟宝妈们聊聊“乳头皲裂”，俗话说“知己知彼，方能百战不殆”嘛。「乳头皲裂」的原因乳头皲裂，是指哺乳期妈妈乳头表面发生了小裂口、出血等情况。乳头皲裂很容易出现在孩子出生的第一个月，以及宝宝乳牙萌发期是咬伤妈妈最常见时期。造成宝妈乳头皲裂的常见原因如下：☑喂奶姿势不正确；☑乳汁太多太少；☑宝宝萌芽期牙龈按摩刺激不够；☑乳头条件不好：乳头内陷、短小、巨大、皮肤太过娇嫩。乳头上含有丰富的血管神经，一旦发生乳头皲裂，宝宝的每一次吸吮，都会给妈妈带来剧烈的疼痛。短时间也许还能忍受，但时间一长难免会让妈妈们萌生退意，为了减轻痛苦，有些妈妈只能无奈减少喂奶次数，或是不喂奶。「乳头皲裂」预防最重要乳头皲裂常常会反复发作，为了宝宝的母乳，也为了妈妈喂奶不痛苦，得学会如何预防！其中，正确的喂养姿势就是有效预防乳头皲裂的最佳方式。宝宝正确含接乳头，也能让妈妈哺乳时更舒适。小爱提示宝妈们，不论采取哪种哺乳姿势，都要注意这四点：☛宝宝的头和身体在一条直线上；☛宝宝的脸贴近乳房，鼻子对着乳头；☛宝宝身体贴近妈妈，含住大部分乳晕；☛如果是新生儿，不仅要托住其头部和肩部，还要托住臀部。除了正确哺乳，还要注意乳头清洁：每次喂奶前后可用温水轻轻洗净乳头、乳晕，擦干后涂抹乳头修护霜，保持乳头周围皮肤的清洁和滋润，降低发生裂口的可能。万一乳头还是破了，怎么办？避免乳头不受伤当然是最好的，但有时受伤总是“在所难免”。如果不幸受伤，宝妈们千万不要硬撑着给宝宝喂奶，可以试试下面的方法来减轻痛苦。1、提前刺激下奶：喂奶前，先用毛巾热敷，按摩乳房刺激乳汁分泌，挤出少量奶水使乳晕变软，易于宝宝含接乳头。2、有顺序的喂奶：喂奶的时候先选没受伤或是受伤较轻的一侧，并经常变换喂奶姿势，以减轻用力吸吮对乳头的刺激。3、保护乳头皮肤：每次哺乳完可以挤点奶水涂抹在乳头及乳晕上自然干，或者涂抹乳头修护霜来保护乳头，另外佩戴母乳保护罩（硬质）也是个不错的选择。4、避免乳头牵拉：宝宝咬住奶头的时候，不要直接将乳头拽出，可以尝试把宝宝抱紧，用乳房的其余部分贴近宝宝的鼻子，让宝宝暂时没法用鼻子呼吸，自然就松嘴了。5、及时寻求帮助：如果裂口老是好不了或反复发作，别犹豫啦，及早去医院就诊。让医生诊断，了解皲裂的原因，才能对症指导、用药。6、必要时减少吸吮：如果裂口疼得厉害，就减少亲喂；也可佩戴软性母乳保护罩，避免喂养时乳头与宝宝直接接触；还可以用手挤出奶水，或用吸奶器吸奶，等伤口愈合后再亲自喂养。好了，关于乳头皲裂的话题，小爱就分享到这里。最后提醒各位宝妈，就算乳头皲裂，也不能轻易放弃母乳喂养哦！因为无论科技怎么发达,天然的总会比用科学合成的更好！","母乳喂养新生儿护肤推拿育儿锦囊","育儿"
"https://landing.toutiao.com/i6415754502967656961/","新生儿对光线的刺激十分敏感，光线突然加强，宝宝的瞳孔就会缩小","育儿教子","2017-05-03 12:04:10","一、宝宝出生后，他眼睛朝向发光处，但不会追随光源移动；","<p><img src=""http://p1.pstatp.com/large/1f7b00003f31fcd8da1e"" img_width=""600"" img_height=""388"" alt=""新生儿对光线的刺激十分敏感，光线突然加强，宝宝的瞳孔就会缩小"" inline=""0""></p><p>新生儿对光的刺激十分敏感。刚出生的宝宝还不能对发光或只发声的物体作出反应，只能对同时既发光又发声并活动的物体表现出模糊的笼统的反应</p><p>一、宝宝出生后，他眼睛朝向发光处，但不会追随光源移动；</p><p><span>二、当光和声音同时出现了5～6秒钟后，宝宝才把头转向发出光和声响的方向。</span></p><p>这也就是说，这时的新生儿只能用全部感觉器官来接受整体性的刺激，这种带有原始意义的整体性，在新生儿的行为中屡见不鲜。</p><p>新生儿对光的刺激十分敏感。他们不但会在睁着眼睛时对光线的明暗变化作出反应，甚至在闭着眼睛打瞌睡时只要一开灯，也会有反应。</p><p><img src=""http://p3.pstatp.com/large/1dc8000046214a8e861a"" img_width=""400"" img_height=""300"" alt=""新生儿对光线的刺激十分敏感，光线突然加强，宝宝的瞳孔就会缩小"" inline=""0""></p><p>宝宝出生后的头几天内还可以观察到环境状态：</p><p>一、当眼前有光在闪烁时，宝宝就会眯起眼睛；</p><p>二、如果光线突然加强，宝宝的瞳孔就要缩小。</p><p>所有这些反应都是为了“躲避”对眼部刺激，或者是减轻刺激的影响。</p><p>其实，新生儿不仅能“躲避”刺激，他也寻求刺激。</p><p><img src=""http://p1.pstatp.com/large/1f7b0000416b930a9134"" img_width=""640"" img_height=""479"" alt=""新生儿对光线的刺激十分敏感，光线突然加强，宝宝的瞳孔就会缩小"" inline=""0""></p><p>在产院婴儿室里对新生儿进行观察的人会发现，大多数宝宝的脸就像向日葵一样总是向着光亮的一面。</p><p>此外，还可以肯定，宝宝生下来几天就能用眼睛追踪缓慢移动的光源了。</p><p>但是，新生宝宝虽然有了视觉能力，但却是很微弱的。强光线会使宝宝感到不安，因此安放新生儿的地方不宜光照过强。并且，宝宝会用哭声对强烈的光线做出反应。</p><p><img src=""http://p3.pstatp.com/large/1dc80000476ac51be68d"" img_width=""400"" img_height=""300"" alt=""新生儿对光线的刺激十分敏感，光线突然加强，宝宝的瞳孔就会缩小"" inline=""0""></p><p>欢迎订阅本号原创文章</p>","新生儿对光的刺激十分敏感。刚出生的宝宝还不能对发光或只发声的物体作出反应，只能对同时既发光又发声并活动的物体表现出模糊的笼统的反应一、宝宝出生后，他眼睛朝向发光处，但不会追随光源移动；二、当光和声音同时出现了5～6秒钟后，宝宝才把头转向发出光和声响的方向。这也就是说，这时的新生儿只能用全部感觉器官来接受整体性的刺激，这种带有原始意义的整体性，在新生儿的行为中屡见不鲜。新生儿对光的刺激十分敏感。他们不但会在睁着眼睛时对光线的明暗变化作出反应，甚至在闭着眼睛打瞌睡时只要一开灯，也会有反应。宝宝出生后的头几天内还可以观察到环境状态：一、当眼前有光在闪烁时，宝宝就会眯起眼睛；二、如果光线突然加强，宝宝的瞳孔就要缩小。所有这些反应都是为了“躲避”对眼部刺激，或者是减轻刺激的影响。其实，新生儿不仅能“躲避”刺激，他也寻求刺激。在产院婴儿室里对新生儿进行观察的人会发现，大多数宝宝的脸就像向日葵一样总是向着光亮的一面。此外，还可以肯定，宝宝生下来几天就能用眼睛追踪缓慢移动的光源了。但是，新生宝宝虽然有了视觉能力，但却是很微弱的。强光线会使宝宝感到不安，因此安放新生儿的地方不宜光照过强。并且，宝宝会用哭声对强烈的光线做出反应。欢迎订阅本号原创文章","新生儿文章婴幼儿护理育儿锦囊育儿","育儿"
"https://landing.toutiao.com/i6415753770050781697/","孕妇宝妈看过来，你的肚子里是男宝还是女宝？","2017-05-03 12:01:20",,"2017年2月2日39周我剖腹产下我家二公子，现在宝贝已经3个月了，是一个开朗活泼的小可爱，看着他一天天的长大，我真的很欣慰！","<p><img src=""http://p3.pstatp.com/large/1dc500030cf8445e4d16"" img_width=""200"" img_height=""190"" alt=""孕妇宝妈看过来，你的肚子里是男宝还是女宝？"" inline=""0""></p><p>走在大街上大肚子的孕妈一个接一个，你们在怀孕期间听到最多的话是什么，我家住镇上，每次出门遇到熟人总要被问上一声几个月了，查了没有是男孩女孩？说实话两个宝都没有查，今天给大家分享一下我怀二宝时的情况子宫后位；，25天左右就用试条测出浅浅的两条红线，妊娠线一直开到胸口，上细下粗，偏右；口味比较清淡，孕吐不是很强烈，整个孕期不喜欢吃肉；腹股沟有色素沉淀，其余地方没有，总体来说身体还算灵活。体重长了40斤，无水肿。<img src=""http://p3.pstatp.com/large/1dc80000431892f7af11"" img_width=""1722"" img_height=""2322"" alt=""孕妇宝妈看过来，你的肚子里是男宝还是女宝？"" inline=""0""></p><p>2017年2月2日39周我剖腹产下我家二公子，现在宝贝已经3个月了，是一个开朗活泼的小可爱，看着他一天天的长大，我真的很欣慰！<img src=""http://p3.pstatp.com/large/1dc8000045d3e569a8ea"" img_width=""1722"" img_height=""2322"" alt=""孕妇宝妈看过来，你的肚子里是男宝还是女宝？"" inline=""0""></p>","走在大街上大肚子的孕妈一个接一个，你们在怀孕期间听到最多的话是什么，我家住镇上，每次出门遇到熟人总要被问上一声几个月了，查了没有是男孩女孩？说实话两个宝都没有查，今天给大家分享一下我怀二宝时的情况子宫后位；，25天左右就用试条测出浅浅的两条红线，妊娠线一直开到胸口，上细下粗，偏右；口味比较清淡，孕吐不是很强烈，整个孕期不喜欢吃肉；腹股沟有色素沉淀，其余地方没有，总体来说身体还算灵活。体重长了40斤，无水肿。2017年2月2日39周我剖腹产下我家二公子，现在宝贝已经3个月了，是一个开朗活泼的小可爱，看着他一天天的长大，我真的很欣慰！","怀孕孕产育儿","育儿"
"https://landing.toutiao.com/i6415754686959190530/","宝宝长太快，可能会有“后遗症”！","2017-05-03 12:04:53",,"在门诊中，经常会有爸爸妈妈反映孩子的视力下降得怎么这么厉害，除了用眼过度以外，孩子长太快是比较常见的原因。","<p>爸爸妈妈们都希望孩子长得快一些，特别是和同龄人一比，自己宝宝又高又壮，就感觉<span>宝宝发育得好，</span><span>当爸爸妈妈的也就特别开心。但其实</span><span>0~6岁的孩子身高体重发育有一定的范围，发育太慢了不好，发育太快了也不行。</span></p><p><img src=""http://p3.pstatp.com/large/1f7b00003cfa3cf0b655"" img_width=""462"" img_height=""280"" alt=""宝宝长太快，可能会有“后遗症”！"" inline=""0""></p><p><span>在门诊中，经常会有爸爸妈妈反映孩子的视力下降得怎么这么厉害，除了用眼过度以外，孩子长太快是比较常见的原因。</span></p><p>因为近视主要是由两个关键因素决定的，即角膜曲率和眼轴长短，而这两者必须保持一个固定的比例，人体的视力才是正常的。从婴儿直到成人，一般情况下，角膜曲率是固定不变的，而眼轴也有一个从短至长的可调节空间。正常情况下，眼球发育与年龄应该匹配生长，一旦出现不匹配现象，问题就出现了。</p><p><span>孩子如果长太快，</span><span>由于脂肪、激素等的摄入，身体是长了，眼睛发育反而跟不上趟，结果不近视的变近视，近视轻的越来越重。如果伴随着用眼过度、负担过重，再遭遇发烧，视力很容易出问题。</span><span>就会影响眼轴长度，使两者比例超过正常范围，引起近视。</span></p><p><img src=""http://p3.pstatp.com/large/1dc500031a1e3c9207c7"" img_width=""437"" img_height=""257"" alt=""宝宝长太快，可能会有“后遗症”！"" inline=""0""><span></span></p><p>3岁前和5岁-7岁是孩子身高幅度长得最快的阶段，相应的眼轴变化也是最快的。这时候家长要特别注意孩子的视力变化，定期带孩子到医院检查眼睛。<span><br></span></p><p><span>对于如何预防营养不均衡导致的视力发育问题，可以从三方面入手，一方面少吃潜藏有激素等不健康成分的食品，防止身体过快发育；另一方面多食用钙质高、胶原蛋白和微量元素丰富的食品，吃饭不偏食、不挑食，并加强补充一些微量元素，确保视力的正常发育。</span></p>","爸爸妈妈们都希望孩子长得快一些，特别是和同龄人一比，自己宝宝又高又壮，就感觉宝宝发育得好，当爸爸妈妈的也就特别开心。但其实0~6岁的孩子身高体重发育有一定的范围，发育太慢了不好，发育太快了也不行。在门诊中，经常会有爸爸妈妈反映孩子的视力下降得怎么这么厉害，除了用眼过度以外，孩子长太快是比较常见的原因。因为近视主要是由两个关键因素决定的，即角膜曲率和眼轴长短，而这两者必须保持一个固定的比例，人体的视力才是正常的。从婴儿直到成人，一般情况下，角膜曲率是固定不变的，而眼轴也有一个从短至长的可调节空间。正常情况下，眼球发育与年龄应该匹配生长，一旦出现不匹配现象，问题就出现了。孩子如果长太快，由于脂肪、激素等的摄入，身体是长了，眼睛发育反而跟不上趟，结果不近视的变近视，近视轻的越来越重。如果伴随着用眼过度、负担过重，再遭遇发烧，视力很容易出问题。就会影响眼轴长度，使两者比例超过正常范围，引起近视。3岁前和5岁-7岁是孩子身高幅度长得最快的阶段，相应的眼轴变化也是最快的。这时候家长要特别注意孩子的视力变化，定期带孩子到医院检查眼睛。对于如何预防营养不均衡导致的视力发育问题，可以从三方面入手，一方面少吃潜藏有激素等不健康成分的食品，防止身体过快发育；另一方面多食用钙质高、胶原蛋白和微量元素丰富的食品，吃饭不偏食、不挑食，并加强补充一些微量元素，确保视力的正常发育。","婴幼儿护理育儿锦囊育儿","育儿"
"https://landing.toutiao.com/i6415754423573692929/","月子神器，轻松hold住各种哺乳姿势！","2017-05-03 12:03:52",,"其实，只要宝妈们掌握了正确的舒服的哺乳姿势，加上合适的“月子神器”，就可以轻松舒服的享受母乳喂养带来的快乐了！","<p>哺乳，本来是一件很自然快乐的事情，可是现实却是让人觉得痛苦的。很多新手妈因为哺乳姿势不正确，而感觉哺乳是件十分痛苦而且累人的事，甚至选择放弃母乳喂养，这是十分让人惋惜的。</p><p><img src=""http://p1.pstatp.com/large/1dc800004728b1c8631b"" img_width=""200"" img_height=""200"" alt=""月子神器，轻松hold住各种哺乳姿势！"" inline=""0""></p><p>其实，只要宝妈们掌握了正确的舒服的哺乳姿势，加上合适的“月子神器”，就可以轻松舒服的享受母乳喂养带来的快乐了！</p><p>今天，小爱就要向大家深度分享一下《爱幼科学说》中北京妇产医院护理部主任姜梅老师提到的“月子神器-哺乳枕”的相关知识，让宝妈们在做月子过程中，轻松hold住各种哺乳姿势。</p><p><img src=""http://p9.pstatp.com/large/1dca00031c989c081744"" img_width=""659"" img_height=""378"" alt=""月子神器，轻松hold住各种哺乳姿势！"" inline=""0""></p><p><strong>哺乳枕是什么</strong></p><p>哺乳枕就是妈咪们在喂宝宝吃奶的时候需要用的一种工具，哺乳枕又叫做授乳枕头，在妈妈给宝宝哺乳时可以把宝宝包裹在里面，宝宝吃奶时可以采用不同姿势躺在哺乳枕上面。哺乳枕大约有4-6寸厚，可以购买也能够自制。</p><p>哺乳枕可以让宝宝躺得更好，让宝宝更有安全感、舒适感哦！哺乳枕主要特征为U型，当母亲在喂哺时将哺乳枕套在腰上，而挽抱婴儿的手臂垫在枕面，有效地减轻了手臂挽抱的疲劳；将吃奶婴儿的臀部贴坐在枕面的凹窝上，适合于母乳喂哺和奶粉喂哺的母亲使用。一款超实用的哺乳垫，还可以对婴儿坐立时起到支撑作用。</p><p><strong>哺乳枕怎么用</strong></p><p>正确的哺乳姿势应该是让宝宝和妈妈都感到舒适的。那么哺乳枕应该怎么用才正确呢？</p><p><strong>摇篮式</strong></p><p>摇篮式是最经典简单的哺乳姿势。但是很多妈妈由于姿势不正确，会导致肩膀不够放松，从而导致出乳不畅，肩周炎等问题。首先，妈妈先坐舒服，放上哺乳枕，调整好高度，然后把宝宝放在妈妈臂弯内，宝宝鼻头对着妈妈乳头，腹贴腹，宝宝身体呈一直线。</p><p>通过哺乳枕的辅助，新手妈妈的手臂及肩膀减轻抱着宝宝时的重量，达到自然放松的状态，且哺乳枕可以在背后对妈妈的脊柱有一定的支撑力，十分舒服。及时宝宝吃着奶在妈妈怀里睡着了，妈妈也可以在背后垫个枕头就可以获得休息的时间，免却宝宝落地醒的困扰。</p><p><img src=""http://p3.pstatp.com/large/1dc100003d6727821251"" img_width=""245"" img_height=""183"" alt=""月子神器，轻松hold住各种哺乳姿势！"" inline=""0""></p><p><strong>躺喂式</strong></p><p>躺喂是很多妈妈既爱又怕的哺乳姿势。爱是因为躺喂真的十分舒服。怕就是怕躺喂时不小心压到宝宝发生意外。其实只要妈妈没有摄入酒精，且妈妈也没有服用药物，躺喂是十分安全的。</p><p>躺喂姿势的原则和摇篮式一样，宝宝鼻头对着乳头，腹贴腹，身体呈一直线。且宝宝的头部不需要枕在妈妈的手臂上。然后在妈妈的背部垫上承托力好的哺乳枕，就可以帮助妈妈的背部放松。即使妈妈因为太累了睡着，重量也会向哺乳枕那边靠，不会压到宝宝发生意外。另外需要注意的是，躺喂的时候不要母婴同被，正确的做法应该是妈妈一张被子，宝宝 一张被子。且宝宝不要睡在父母中间。</p><p><img src=""http://p3.pstatp.com/large/1dc500031cf7050013bf"" img_width=""244"" img_height=""174"" alt=""月子神器，轻松hold住各种哺乳姿势！"" inline=""0""></p><p><strong>橄榄球式</strong></p><p>橄榄球式适合剖腹产，以及在乳房外侧或者下侧有乳汁淤积情况的妈妈使用，虽然听起来有点难，但是有了哺乳枕的帮助，so easy啦！</p><p>首先要把哺乳枕横过来，然后用手环保着宝宝，依然确保宝宝鼻头对着乳头，身体呈一直线的原则进行哺乳。</p><p><img src=""http://p3.pstatp.com/large/1dca00031cefdf71245b"" img_width=""249"" img_height=""183"" alt=""月子神器，轻松hold住各种哺乳姿势！"" inline=""0""></p><p><strong>卧倚式</strong></p><p>卧倚式适合乳头疼痛，以及奶量太冲太急的妈妈。先把哺乳枕整理好，让哺乳枕舒适的支撑住身体，然后把宝宝放在腹部上，让他的脸对着乳房，用一侧手扶着宝宝的头颈部和腰部，以防宝宝下滑。让宝宝几乎是趴在妈妈身上吃奶。</p><p><img src=""http://p3.pstatp.com/large/1f7b0000417c3c255724"" img_width=""248"" img_height=""173"" alt=""月子神器，轻松hold住各种哺乳姿势！"" inline=""0""></p><p>除此之外，哺乳枕还可以用来帮助宝宝练习趴和坐呢，如此申通广大的神器，宝妈再也不用担心喂奶造成腰酸背痛了！</p>","哺乳，本来是一件很自然快乐的事情，可是现实却是让人觉得痛苦的。很多新手妈因为哺乳姿势不正确，而感觉哺乳是件十分痛苦而且累人的事，甚至选择放弃母乳喂养，这是十分让人惋惜的。其实，只要宝妈们掌握了正确的舒服的哺乳姿势，加上合适的“月子神器”，就可以轻松舒服的享受母乳喂养带来的快乐了！今天，小爱就要向大家深度分享一下《爱幼科学说》中北京妇产医院护理部主任姜梅老师提到的“月子神器-哺乳枕”的相关知识，让宝妈们在做月子过程中，轻松hold住各种哺乳姿势。哺乳枕是什么哺乳枕就是妈咪们在喂宝宝吃奶的时候需要用的一种工具，哺乳枕又叫做授乳枕头，在妈妈给宝宝哺乳时可以把宝宝包裹在里面，宝宝吃奶时可以采用不同姿势躺在哺乳枕上面。哺乳枕大约有4-6寸厚，可以购买也能够自制。哺乳枕可以让宝宝躺得更好，让宝宝更有安全感、舒适感哦！哺乳枕主要特征为U型，当母亲在喂哺时将哺乳枕套在腰上，而挽抱婴儿的手臂垫在枕面，有效地减轻了手臂挽抱的疲劳；将吃奶婴儿的臀部贴坐在枕面的凹窝上，适合于母乳喂哺和奶粉喂哺的母亲使用。一款超实用的哺乳垫，还可以对婴儿坐立时起到支撑作用。哺乳枕怎么用正确的哺乳姿势应该是让宝宝和妈妈都感到舒适的。那么哺乳枕应该怎么用才正确呢？摇篮式摇篮式是最经典简单的哺乳姿势。但是很多妈妈由于姿势不正确，会导致肩膀不够放松，从而导致出乳不畅，肩周炎等问题。首先，妈妈先坐舒服，放上哺乳枕，调整好高度，然后把宝宝放在妈妈臂弯内，宝宝鼻头对着妈妈乳头，腹贴腹，宝宝身体呈一直线。通过哺乳枕的辅助，新手妈妈的手臂及肩膀减轻抱着宝宝时的重量，达到自然放松的状态，且哺乳枕可以在背后对妈妈的脊柱有一定的支撑力，十分舒服。及时宝宝吃着奶在妈妈怀里睡着了，妈妈也可以在背后垫个枕头就可以获得休息的时间，免却宝宝落地醒的困扰。躺喂式躺喂是很多妈妈既爱又怕的哺乳姿势。爱是因为躺喂真的十分舒服。怕就是怕躺喂时不小心压到宝宝发生意外。其实只要妈妈没有摄入酒精，且妈妈也没有服用药物，躺喂是十分安全的。躺喂姿势的原则和摇篮式一样，宝宝鼻头对着乳头，腹贴腹，身体呈一直线。且宝宝的头部不需要枕在妈妈的手臂上。然后在妈妈的背部垫上承托力好的哺乳枕，就可以帮助妈妈的背部放松。即使妈妈因为太累了睡着，重量也会向哺乳枕那边靠，不会压到宝宝发生意外。另外需要注意的是，躺喂的时候不要母婴同被，正确的做法应该是妈妈一张被子，宝宝 一张被子。且宝宝不要睡在父母中间。橄榄球式橄榄球式适合剖腹产，以及在乳房外侧或者下侧有乳汁淤积情况的妈妈使用，虽然听起来有点难，但是有了哺乳枕的帮助，so easy啦！首先要把哺乳枕横过来，然后用手环保着宝宝，依然确保宝宝鼻头对着乳头，身体呈一直线的原则进行哺乳。卧倚式卧倚式适合乳头疼痛，以及奶量太冲太急的妈妈。先把哺乳枕整理好，让哺乳枕舒适的支撑住身体，然后把宝宝放在腹部上，让他的脸对着乳房，用一侧手扶着宝宝的头颈部和腰部，以防宝宝下滑。让宝宝几乎是趴在妈妈身上吃奶。除此之外，哺乳枕还可以用来帮助宝宝练习趴和坐呢，如此申通广大的神器，宝妈再也不用担心喂奶造成腰酸背痛了！","母乳喂养奶粉育儿锦囊育儿","育儿"
"https://landing.toutiao.com/i6415756273840554498/","宝宝怯生，妈妈这几招就都能搞定了","2017-05-03 12:11:03",,"本栏目由杏璞霜湿疹膏独家赞助，杏璞霜——没有错！我们就是熊孩子的最爱~","<p>怯生，是8个月宝宝的正常心理现象，是指儿童对不熟悉的人表现出一种害怕的反应。例如有的宝宝见到陌生人会紧张，或试图回避、躲藏;有的甚至表现出严重的恐惧，尖声哭叫，挣扎着要离开现场等。宝宝8个月主要是对人怯生，1岁后会对环境有怯生的感觉，而1岁—2岁期间会对物体、声音、有怯生感。。怯生是儿童心理发展的一个自然过程，通常会在短期内自然消失。</p><p><strong>欢迎收看本期《杏璞妈妈圈》</strong></p><p><strong>本栏目由杏璞霜湿疹膏独家赞助，杏璞霜——没有错！我们就是熊孩子的最爱~</strong></p><p><img src=""http://p3.pstatp.com/large/1dc8000040e9082f7895"" img_width=""667"" img_height=""580"" alt=""宝宝怯生，妈妈这几招就都能搞定了"" inline=""0""></p><p>当宝宝不愿意跟陌生人亲近时，千万不要强迫他，这样只会进一步加深宝宝的排外心理。在遇见宝宝不认识的人时，父母要很正式地向陌生人介绍宝宝，以轻松愉快的态度面对陌生人，这样可以帮助宝宝很快消除顾虑。与陌生人磨合的机会多了，宝宝害怕的心理自然就可以得到缓解并最终得到克服。</p><p><img src=""http://p3.pstatp.com/large/1dc1000040650064f412"" img_width=""438"" img_height=""393"" alt=""宝宝怯生，妈妈这几招就都能搞定了"" inline=""0""></p><p>正确引导宝宝与“生人”交流。如：“来我们和阿姨握握手，拍拍阿姨的手吧”，一般宝宝比较喜欢年轻女性和小宝宝，父母可抱着宝宝先与那些漂亮阿姨或者小朋友打招呼，讲几句话，让宝宝逐渐意识到他们都是和蔼可亲的，用不着害怕。妈妈可以根据宝宝的这些特点，尽量围绕宝宝的喜好来扩展宝宝的社交圈子。当你抱着宝宝遇到熟人时，可先自然地与对方打个招呼，谈谈话，待宝宝习惯后再告诉宝宝对方是谁。等到宝宝与陌生人熟悉之后，才可以让他们摸摸宝宝甚至抱抱宝宝，千万不能很突然地将宝宝交给“陌生人”抱，以免强化他的戒备和紧张心理，反而让他更害怕。不要每次他害怕了，就赶紧把宝宝带回家了，这样会让宝宝更加恐惧与害怕。</p><p><img src=""http://p3.pstatp.com/large/1dc100003f907c3cdd85"" img_width=""751"" img_height=""395"" alt=""宝宝怯生，妈妈这几招就都能搞定了"" inline=""0""></p><p>经常带宝宝到亲朋好友家串门，或邀请他们来自己家作客。妈妈可以从宝宝比较熟悉的人开始，让宝宝习惯跟妈妈以外的人交往，然后让宝宝逐渐接触“熟悉的人比较多，而陌生人比较少”的环境，在熟悉了有少数陌生人在场的环境之后，再扩大他的接触范围，俗话说“见多识广”讲的也是这个道理，生活在丰富多彩环境中的宝宝会比生活在单调乏味的环境中的宝宝聪明些。让宝宝锻炼人际交往能力，逐步扩大交往范围。</p><p><strong>Dear女士们，先生们，七大姑、八大妈、七舅老爷外加隔壁的小弟弟和小妹妹们，真诚感谢大家收看本期栏目，咱们下期再见！</strong></p><p><strong>关注《杏璞妈妈圈》微信公众号xpzywx（杏璞庄园），了解更多实时热点和育儿知识。</strong></p>","怯生，是8个月宝宝的正常心理现象，是指儿童对不熟悉的人表现出一种害怕的反应。例如有的宝宝见到陌生人会紧张，或试图回避、躲藏;有的甚至表现出严重的恐惧，尖声哭叫，挣扎着要离开现场等。宝宝8个月主要是对人怯生，1岁后会对环境有怯生的感觉，而1岁—2岁期间会对物体、声音、有怯生感。。怯生是儿童心理发展的一个自然过程，通常会在短期内自然消失。欢迎收看本期《杏璞妈妈圈》本栏目由杏璞霜湿疹膏独家赞助，杏璞霜——没有错！我们就是熊孩子的最爱~当宝宝不愿意跟陌生人亲近时，千万不要强迫他，这样只会进一步加深宝宝的排外心理。在遇见宝宝不认识的人时，父母要很正式地向陌生人介绍宝宝，以轻松愉快的态度面对陌生人，这样可以帮助宝宝很快消除顾虑。与陌生人磨合的机会多了，宝宝害怕的心理自然就可以得到缓解并最终得到克服。正确引导宝宝与“生人”交流。如：“来我们和阿姨握握手，拍拍阿姨的手吧”，一般宝宝比较喜欢年轻女性和小宝宝，父母可抱着宝宝先与那些漂亮阿姨或者小朋友打招呼，讲几句话，让宝宝逐渐意识到他们都是和蔼可亲的，用不着害怕。妈妈可以根据宝宝的这些特点，尽量围绕宝宝的喜好来扩展宝宝的社交圈子。当你抱着宝宝遇到熟人时，可先自然地与对方打个招呼，谈谈话，待宝宝习惯后再告诉宝宝对方是谁。等到宝宝与陌生人熟悉之后，才可以让他们摸摸宝宝甚至抱抱宝宝，千万不能很突然地将宝宝交给“陌生人”抱，以免强化他的戒备和紧张心理，反而让他更害怕。不要每次他害怕了，就赶紧把宝宝带回家了，这样会让宝宝更加恐惧与害怕。经常带宝宝到亲朋好友家串门，或邀请他们来自己家作客。妈妈可以从宝宝比较熟悉的人开始，让宝宝习惯跟妈妈以外的人交往，然后让宝宝逐渐接触“熟悉的人比较多，而陌生人比较少”的环境，在熟悉了有少数陌生人在场的环境之后，再扩大他的接触范围，俗话说“见多识广”讲的也是这个道理，生活在丰富多彩环境中的宝宝会比生活在单调乏味的环境中的宝宝聪明些。让宝宝锻炼人际交往能力，逐步扩大交往范围。Dear女士们，先生们，七大姑、八大妈、七舅老爷外加隔壁的小弟弟和小妹妹们，真诚感谢大家收看本期栏目，咱们下期再见！关注《杏璞妈妈圈》微信公众号xpzywx（杏璞庄园），了解更多实时热点和育儿知识。","婴幼儿护理育儿锦囊育儿","育儿"
"https://landing.toutiao.com/i6415756594922914305/","生育的秘密：男孩女孩双胞龙凤胎，各种胚胎发育到底有什么不同？","爱森尔月嫂","2017-05-03 12:12:36",,"<p>昨天谈了下生龙凤胎的事情，感觉还是有很多人关注哦，那今天我们谈谈龙凤胎胚胎发育情况吧。</p><p>如果可以自己决定孩子的性别，大家肯定首先选择龙凤胎，其次双胞胎，然后女孩，最后男孩。我相信绝大部分父母前面两者会跟我一样选择龙凤和双胞胎，也想要龙凤胎和双胞胎，一次怀孕，解决2次烦恼，但是大部分人都只能生下单胞。</p><p><img src=""http://p9.pstatp.com/large/1dc400004c2159ce1ad3"" img_width=""858"" img_height=""582"" alt=""生育的秘密：男孩女孩双胞龙凤胎，各种胚胎发育到底有什么不同？"" inline=""0""></p><p>生男女孩是由爸爸决定，爸爸的是xy染 色体，妈妈是xx染 色体！这是大家都知道的遗传常识。但单胞，双胞，多胞，还有龙凤胎，又是很多人觉得比较神秘的。</p><p>女性每月排卵通常为1个，非常少的时候是2个。而男性，虽然每次排出的精子很多，可是精子能活并最后到达输卵管的数量是十分稀少的。通常情况下，一个卵子只能跟一个精子进行结合形成胚胎。所以相对来说，单胞胎居多，而且单胞胎是母体内的发育是最正常和健康的。</p><p>而当精卵结合，形成受精卵以后，受精卵如果分裂成为两部分或多个部分，最终就会形成两个或多个一模一样的胚胎。这就是双胞胎和多胞胎的形成，他们在外形，血型等遗传上来看，几乎都是一样的，只会形成后天差异。</p><p><img src=""http://p9.pstatp.com/large/1dc1000040b4c90d4e6f"" img_width=""389"" img_height=""253"" alt=""生育的秘密：男孩女孩双胞龙凤胎，各种胚胎发育到底有什么不同？"" inline=""0""></p><p>如果是女性一次排出来两个卵细胞，分别跟精子结合，就会形成2个独立的受精卵，然后独立发育为胚胎，成为两个独立的孩子。这种情况跟一胎二胎一样，只是把两胎怀孕时间放在一次了而已，生下来的孩子相貌不同，性别也是随机，可能同性，也可能是龙凤胎。</p><p>这里重点要说的是，如果受精卵没有完全分裂，那就是说会形成“半”多胞胎，也就是连体婴！</p><p>那么精子与卵细胞会不会在结合前分裂呢？一般不会，目前全球只有一例是卵细胞分裂成两个，然后分别与精子结合。</p><p><img src=""http://p3.pstatp.com/large/1dc400004c2064d0b98b"" img_width=""570"" img_height=""539"" alt=""生育的秘密：男孩女孩双胞龙凤胎，各种胚胎发育到底有什么不同？"" inline=""0""></p><p>现在饮食方面多种多样，生活习惯也变化，更有“多仔丸”等产品的出现，越来越多的多胞胎，连体婴等出现，这说明我们的遗传基因都随环境在变化，一定要保重身体，保护好健康的基因！</p><p></p><div class=""mp-vote-box mp-vote-outer"" id=""mp-vote-5909589d493b033e14701a71"" data-expire-time=""1496221800"">    <div class=""mp-vote-inner"">        <div class=""mp-vote-title"">如果可以选，要龙凤胎还是双胞胎  (单选)</div>        <div class=""mp-vote-options mp-vote-one"" data-vote-type=""s"">                                <div class=""mp-vote-cell"" data-vote-val=""1"">                    <div style=""height: auto;"" class=""mp-vote-option"">                        <div class=""mp-vote-btn""></div>                        <div class=""mp-vote-data"">                            <div class=""mp-vote-data-item mp-vote-person""><span class=""mp-vote-person-n"">0</span>人</div>                            <div class=""mp-vote-data-item mp-vote-percent""><span class=""mp-vote-percent-n"">0%</span></div>                        </div>                        <div class=""mp-vote-txt"">龙凤胎</div>                    </div>                    <div class=""mp-vote-stat"">                        <div class=""mp-vote-stat-outer"">                            <div class=""mp-vote-stat-inner""></div>                        </div>                    </div>                </div>                                <div class=""mp-vote-cell"" data-vote-val=""2"">                    <div style=""height: auto;"" class=""mp-vote-option"">                        <div class=""mp-vote-btn""></div>                        <div class=""mp-vote-data"">                            <div class=""mp-vote-data-item mp-vote-person""><span class=""mp-vote-person-n"">0</span>人</div>                            <div class=""mp-vote-data-item mp-vote-percent""><span class=""mp-vote-percent-n"">0%</span></div>                        </div>                        <div class=""mp-vote-txt"">双胞胎</div>                    </div>                    <div class=""mp-vote-stat"">                        <div class=""mp-vote-stat-outer"">                            <div class=""mp-vote-stat-inner""></div>                        </div>                    </div>                </div>                                <div class=""mp-vote-cell"" data-vote-val=""3"">                    <div style=""height: auto;"" class=""mp-vote-option"">                        <div class=""mp-vote-btn""></div>                        <div class=""mp-vote-data"">                            <div class=""mp-vote-data-item mp-vote-person""><span class=""mp-vote-person-n"">0</span>人</div>                            <div class=""mp-vote-data-item mp-vote-percent""><span class=""mp-vote-percent-n"">0%</span></div>                        </div>                        <div class=""mp-vote-txt"">单胎</div>                    </div>                    <div class=""mp-vote-stat"">                        <div class=""mp-vote-stat-outer"">                            <div class=""mp-vote-stat-inner""></div>                        </div>                    </div>                </div>                        </div>        <div class=""mp-vote-check"">            <button type=""button"" class=""mp-vote-submit"">投票</button>        </div>    </div></div><p></p>","昨天谈了下生龙凤胎的事情，感觉还是有很多人关注哦，那今天我们谈谈龙凤胎胚胎发育情况吧。如果可以自己决定孩子的性别，大家肯定首先选择龙凤胎，其次双胞胎，然后女孩，最后男孩。我相信绝大部分父母前面两者会跟我一样选择龙凤和双胞胎，也想要龙凤胎和双胞胎，一次怀孕，解决2次烦恼，但是大部分人都只能生下单胞。生男女孩是由爸爸决定，爸爸的是xy染 色体，妈妈是xx染 色体！这是大家都知道的遗传常识。但单胞，双胞，多胞，还有龙凤胎，又是很多人觉得比较神秘的。女性每月排卵通常为1个，非常少的时候是2个。而男性，虽然每次排出的精子很多，可是精子能活并最后到达输卵管的数量是十分稀少的。通常情况下，一个卵子只能跟一个精子进行结合形成胚胎。所以相对来说，单胞胎居多，而且单胞胎是母体内的发育是最正常和健康的。而当精卵结合，形成受精卵以后，受精卵如果分裂成为两部分或多个部分，最终就会形成两个或多个一模一样的胚胎。这就是双胞胎和多胞胎的形成，他们在外形，血型等遗传上来看，几乎都是一样的，只会形成后天差异。如果是女性一次排出来两个卵细胞，分别跟精子结合，就会形成2个独立的受精卵，然后独立发育为胚胎，成为两个独立的孩子。这种情况跟一胎二胎一样，只是把两胎怀孕时间放在一次了而已，生下来的孩子相貌不同，性别也是随机，可能同性，也可能是龙凤胎。这里重点要说的是，如果受精卵没有完全分裂，那就是说会形成“半”多胞胎，也就是连体婴！那么精子与卵细胞会不会在结合前分裂呢？一般不会，目前全球只有一例是卵细胞分裂成两个，然后分别与精子结合。现在饮食方面多种多样，生活习惯也变化，更有“多仔丸”等产品的出现，越来越多的多胞胎，连体婴等出现，这说明我们的遗传基因都随环境在变化，一定要保重身体，保护好健康的基因！            如果可以选，要龙凤胎还是双胞胎  (单选)                                                                                                                                        0人                            0%                                                龙凤胎                                                                                                                                                                                                                                                                                        0人                            0%                                                双胞胎                                                                                                                                                                                                                                                                                        0人                            0%                                                单胎                                                                                                                                                                                                    投票","怀孕孕产育儿","育儿"
"https://landing.toutiao.com/i6415755888191078914/","如果你的孩子已经上学了，请进来看看","2017-05-03 12:09:33",,"忌“甜水等待”，最近大宝上幼儿园了，每次去接孩子总是看很多家长拿着一瓶饮料和他们交流起来他们总是怕孩子在学校喝喝水不够，我说孩子常喝这些饮料不健康的，听到的回答大都是孩子不爱喝开水，有没有想过孩子不爱喝开水是因为家长的原因，要知道白开水中含有饮料无法替代而人体必需的诸多微量元素。","<p> 接孩子回家是家长每天必备的功课，可是并不是每个家长都能做好这份功课，因为这件看似简单的事情，却因为不科学的习惯导致孩子变得越来越不优<img src=""http://p3.pstatp.com/large/1dc40000485317a1c88f"" img_width=""485"" img_height=""335"" alt=""如果你的孩子已经上学了，请进来看看"" inline=""0"">秀。</p><p>忌“零食补偿”，有些家长因担心孩子在学校吃不饱，接孩子的时候总是带着各种零食给孩子，这样的做法只会让孩子在学校时期待零食而不好好吃饭，时间长了会影响孩子的身体健康。<img src=""http://p1.pstatp.com/large/1dc500031dc68f565053"" img_width=""388"" img_height=""293"" alt=""如果你的孩子已经上学了，请进来看看"" inline=""0""></p><p>忌“甜水等待”，最近大宝上幼儿园了，每次去接孩子总是看很多家长拿着一瓶饮料和他们交流起来他们总是怕孩子在学校喝喝水不够，我说孩子常喝这些饮料不健康的，听到的回答大都是孩子不爱喝开水，有没有想过孩子不爱喝开水是因为家长的原因，要知道白开水中含有饮料无法替代而人体必需的诸多微量元素。</p><div><p><img src=""http://p3.pstatp.com/large/1dc100003f2ed129ea0b"" img_width=""549"" img_height=""361"" alt=""如果你的孩子已经上学了，请进来看看"" inline=""0""></p></div><p>忌“刨根问底”，家长心情我们是能理解的，全家人围着孩子问这问那，使孩子无从回答，甚至厌烦急躁，还会增加孩子对幼儿园“不适应”的感受。家长的焦虑情绪会影响孩子，我们要相信孩子的适应能力是很强的。</p><p>忌“迁就放纵”，切忌无原则地“迁就放纵”家长不要以同情的态度对待他，可以用转移注意力的方法排解孩子心中的不快。<span>忌“偏听偏信”</span><span>，</span><span>有时孩子之间发生不愉快的事情，孩子往往会说“某某打我了，”遇到这种情况，家长不能“偏听偏信”，而是要了解真实情况。</span><br><img src=""http://p3.pstatp.com/large/1dbe00032105a0e81863"" img_width=""665"" img_height=""469"" alt=""如果你的孩子已经上学了，请进来看看"" inline=""0""><span></span></p><p> 我们要对孩子自信，相信她在学习过程中慢慢的学会如何保护自己，我们要做孩子的保护伞但是不能大包大揽，放学回来先吃水果，我提倡孩子写作业在晚饭前进行，同时允许孩子做一会儿、玩一会儿而且不给强加作业，优化作业环境书房可以按照孩子的意愿装饰一下，可以放一套能播放音乐的音响系统，告诉孩子，书房只有做作业的时候才可以用。所以要把书房当作高效完成作业的地方，别让孩子在书房玩耍。<img src=""http://p9.pstatp.com/large/1dc400004bcc1a3dfbc2"" img_width=""638"" img_height=""409"" alt=""如果你的孩子已经上学了，请进来看看"" inline=""0""></p><p> 孩子学习是一生的事情，是一辈子的事情，你急什么?如果孩子有大量的闲暇时间，可以让他阅读他感兴趣的课外书籍，或根据孩子的阅读能力安排他看其他种类的书。</p>","接孩子回家是家长每天必备的功课，可是并不是每个家长都能做好这份功课，因为这件看似简单的事情，却因为不科学的习惯导致孩子变得越来越不优秀。忌“零食补偿”，有些家长因担心孩子在学校吃不饱，接孩子的时候总是带着各种零食给孩子，这样的做法只会让孩子在学校时期待零食而不好好吃饭，时间长了会影响孩子的身体健康。忌“甜水等待”，最近大宝上幼儿园了，每次去接孩子总是看很多家长拿着一瓶饮料和他们交流起来他们总是怕孩子在学校喝喝水不够，我说孩子常喝这些饮料不健康的，听到的回答大都是孩子不爱喝开水，有没有想过孩子不爱喝开水是因为家长的原因，要知道白开水中含有饮料无法替代而人体必需的诸多微量元素。忌“刨根问底”，家长心情我们是能理解的，全家人围着孩子问这问那，使孩子无从回答，甚至厌烦急躁，还会增加孩子对幼儿园“不适应”的感受。家长的焦虑情绪会影响孩子，我们要相信孩子的适应能力是很强的。忌“迁就放纵”，切忌无原则地“迁就放纵”家长不要以同情的态度对待他，可以用转移注意力的方法排解孩子心中的不快。忌“偏听偏信”，有时孩子之间发生不愉快的事情，孩子往往会说“某某打我了，”遇到这种情况，家长不能“偏听偏信”，而是要了解真实情况。 我们要对孩子自信，相信她在学习过程中慢慢的学会如何保护自己，我们要做孩子的保护伞但是不能大包大揽，放学回来先吃水果，我提倡孩子写作业在晚饭前进行，同时允许孩子做一会儿、玩一会儿而且不给强加作业，优化作业环境书房可以按照孩子的意愿装饰一下，可以放一套能播放音乐的音响系统，告诉孩子，书房只有做作业的时候才可以用。所以要把书房当作高效完成作业的地方，别让孩子在书房玩耍。 孩子学习是一生的事情，是一辈子的事情，你急什么?如果孩子有大量的闲暇时间，可以让他阅读他感兴趣的课外书籍，或根据孩子的阅读能力安排他看其他种类的书。","幼儿园水果早期教育亲子成长育儿","育儿"
"https://landing.toutiao.com/i6415756222732960257/","让孩子“赢”在起跑线，家长一定要把握这四个“长高点”！","2017-05-03 12:10:51",,"一：天天向上长高片——孩子不可少","<p><span>不夸张的说，孩子的身高会影响孩子的一生，每个家长都希望孩子自小就能快速长高，赢在长高的起跑线上。其实，要想孩子长高，这四个青春期“长高点”，家长一定要重点把握！</span></p><p><img src=""http://p3.pstatp.com/large/1dc800004b27a20a0652"" img_width=""343"" img_height=""251"" alt=""让孩子“赢”在起跑线，家长一定要把握这四个“长高点”！"" inline=""0""></p><p>一：天天向上长高片——孩子不可少</p><p>孩子不仅要有“天天向上”的良好心态，更要有“天天向上”的身体。天天向上长高片富含孩子发育所需的牛磺酸、L-精氨酸、L-赖氨酸，能有效促进孩子神经系统的生长发育和细胞增殖，让孩子快速科学长高；像个子矮和记忆力不好的孩子最好长期食用，越早开始越好，这样才能保证孩子随时随地长高高。</p><p>二：运动——鼓励孩子多跳绳</p><p>适量的运动可以促进孩子骨骼的发育，对孩子的生长发育有很重要的作用，家长最好能够帮助孩子养成热爱运动的良好习惯。跳绳对于改善孩子身高效果比较明显，操作又简便，家长可以让孩子每天跳一次，每次十分钟，坚持为之，就能够得到良好效果。</p><p>三：睡眠——晚上九点之前入睡</p><p>科学来讲，对孩子长高起决定作用的是体内生长激素的分泌量。而生长激素分泌量会受到孩子睡眠的影响。根据生长激素的分泌特点，一般是在晚上九点以后达到高峰，所以家长一定要保证孩子在九点以前就上床睡觉，这样孩子就能真的实现睡着也能长高。</p><p><img src=""http://p9.pstatp.com/large/1dc1000040ee51e2f419"" img_width=""361"" img_height=""240"" alt=""让孩子“赢”在起跑线，家长一定要把握这四个“长高点”！"" inline=""0""></p><p>四：饮食——让孩子远离“洋快餐”</p><p>生活中，很多孩子都喜欢吃汉堡、薯条……因此对肯德基、麦当劳情有独钟，这类“垃圾食品”很容易导致孩子产生肥胖，对孩子长高百害而无一利。家长一定要教导孩子远离这些“垃圾食品”，尽量少吃或者不吃。</p><p>青春期是孩子长高的关键时期，家长一定要重点关注孩子的身高状况。上面介绍的四个“长高点”，希望能给广大想要孩子长高的家长带去福音。</p>","不夸张的说，孩子的身高会影响孩子的一生，每个家长都希望孩子自小就能快速长高，赢在长高的起跑线上。其实，要想孩子长高，这四个青春期“长高点”，家长一定要重点把握！一：天天向上长高片——孩子不可少孩子不仅要有“天天向上”的良好心态，更要有“天天向上”的身体。天天向上长高片富含孩子发育所需的牛磺酸、L-精氨酸、L-赖氨酸，能有效促进孩子神经系统的生长发育和细胞增殖，让孩子快速科学长高；像个子矮和记忆力不好的孩子最好长期食用，越早开始越好，这样才能保证孩子随时随地长高高。二：运动——鼓励孩子多跳绳适量的运动可以促进孩子骨骼的发育，对孩子的生长发育有很重要的作用，家长最好能够帮助孩子养成热爱运动的良好习惯。跳绳对于改善孩子身高效果比较明显，操作又简便，家长可以让孩子每天跳一次，每次十分钟，坚持为之，就能够得到良好效果。三：睡眠——晚上九点之前入睡科学来讲，对孩子长高起决定作用的是体内生长激素的分泌量。而生长激素分泌量会受到孩子睡眠的影响。根据生长激素的分泌特点，一般是在晚上九点以后达到高峰，所以家长一定要保证孩子在九点以前就上床睡觉，这样孩子就能真的实现睡着也能长高。四：饮食——让孩子远离“洋快餐”生活中，很多孩子都喜欢吃汉堡、薯条……因此对肯德基、麦当劳情有独钟，这类“垃圾食品”很容易导致孩子产生肥胖，对孩子长高百害而无一利。家长一定要教导孩子远离这些“垃圾食品”，尽量少吃或者不吃。青春期是孩子长高的关键时期，家长一定要重点关注孩子的身高状况。上面介绍的四个“长高点”，希望能给广大想要孩子长高的家长带去福音。","睡眠天天向上高峰麦当劳婴幼儿护理","育儿"
"https://landing.toutiao.com/i6415756348222341633/","三个帮助孩子快速长高的方法，宝妈必知！","2017-05-03 12:11:20",,"一：天天向上长高片——孩子不可少","<p><span>不夸张的说，孩子的身高影响着孩子一生。对此，很多家长都希望自家孩子能从小有个高个儿，避免日后“低”人一等。不过要想孩子快速长高，家长也要讲究方式方法。下面小编就介绍三个帮助孩子快速长高的方法，家长一定要为孩子收藏着！</span></p><p><img src=""http://p3.pstatp.com/large/1f7b000044cbbc48e3da"" img_width=""351"" img_height=""267"" alt=""三个帮助孩子快速长高的方法，宝妈必知！"" inline=""0""></p><p>一：天天向上长高片——孩子不可少</p><p>孩子不仅要有“天天向上”的良好心态，更要有“天天向上”的身体，这就要求家长的营养一定要跟上。</p><p>天天向上长高片富含孩子发育所需的牛磺酸、L-精氨酸、L-赖氨酸，能有效促进孩子神经系统的生长发育和细胞增殖，让孩子快速科学长高；像个子矮和记忆力不好的孩子最好长期食用，越早开始越好，这样才能保证孩子随时随地长高高。</p><p>二：运动长高——鼓励孩子进行体育运动</p><p>研究资料显示，经常参加体育运动的孩子，比不参加体育运动的孩子平均高出4cm左右。</p><p>家长一定要鼓励孩子多运动，最好能够帮助孩子养成热爱运动的良好习惯。这是因为运动后人体的生长激素分泌会明显增加，从而促进身高发育。孩子经常运动，在收获健康体魄的同时，也能促进身高发育。</p><p><img src=""http://p3.pstatp.com/large/1f7b000044d348d0acf8"" img_width=""361"" img_height=""255"" alt=""三个帮助孩子快速长高的方法，宝妈必知！"" inline=""0""></p><p>三：睡觉长高——保证孩子每天的睡眠时间</p><p>科学研究发现，对孩子长高起决定作用的是体内生长激素的分泌量，其中睡眠对孩子的生长激素分泌也是有一定影响的。</p><p>根据生长激素的分泌特点，一般是在晚上九点以后达到分泌高峰。所以在孩子长高的青春期，家长一定要保证孩子每天有充足的睡眠时间，督促孩子尽量在九点以前就上床睡觉，保证孩子每天的睡眠时间。</p><p>总之，家长要想帮助孩子快速长高，上述介绍的三个长高小妙招，一定能对各位想要孩子长高的家长提供借鉴意义。</p>","不夸张的说，孩子的身高影响着孩子一生。对此，很多家长都希望自家孩子能从小有个高个儿，避免日后“低”人一等。不过要想孩子快速长高，家长也要讲究方式方法。下面小编就介绍三个帮助孩子快速长高的方法，家长一定要为孩子收藏着！一：天天向上长高片——孩子不可少孩子不仅要有“天天向上”的良好心态，更要有“天天向上”的身体，这就要求家长的营养一定要跟上。天天向上长高片富含孩子发育所需的牛磺酸、L-精氨酸、L-赖氨酸，能有效促进孩子神经系统的生长发育和细胞增殖，让孩子快速科学长高；像个子矮和记忆力不好的孩子最好长期食用，越早开始越好，这样才能保证孩子随时随地长高高。二：运动长高——鼓励孩子进行体育运动研究资料显示，经常参加体育运动的孩子，比不参加体育运动的孩子平均高出4cm左右。家长一定要鼓励孩子多运动，最好能够帮助孩子养成热爱运动的良好习惯。这是因为运动后人体的生长激素分泌会明显增加，从而促进身高发育。孩子经常运动，在收获健康体魄的同时，也能促进身高发育。三：睡觉长高——保证孩子每天的睡眠时间科学研究发现，对孩子长高起决定作用的是体内生长激素的分泌量，其中睡眠对孩子的生长激素分泌也是有一定影响的。根据生长激素的分泌特点，一般是在晚上九点以后达到分泌高峰。所以在孩子长高的青春期，家长一定要保证孩子每天有充足的睡眠时间，督促孩子尽量在九点以前就上床睡觉，保证孩子每天的睡眠时间。总之，家长要想帮助孩子快速长高，上述介绍的三个长高小妙招，一定能对各位想要孩子长高的家长提供借鉴意义。","睡眠天天向上高峰婴幼儿护理育儿锦囊","育儿"
"https://landing.toutiao.com/i6415756156781724162/","宝宝发育迟缓，因为抱太多了？很多医生不会告诉你","乐群妈妈","2017-05-03 12:10:35","1个月的宝宝在睡觉","<p>刚刚出生1个月的欢欢，粉雕玉琢，看起来像个小苹果一样。很多亲戚朋友来看望，都想要抱抱欢欢。每当这个时候，欢欢奶奶总是左拦右挡，生怕客人把欢欢抱坏了似的。欢欢奶奶说，1个月和9个月的小孩最好别抱，医生说，发育迟缓的宝宝，有50%的原因是因为父母抱太多。真的有这么大关系吗？</p><p><img src=""http://p1.pstatp.com/large/1dc400004bfe010a0bf7"" img_width=""640"" img_height=""363"" alt=""宝宝发育迟缓，因为抱太多了？很多医生不会告诉你"" inline=""0""></p><p><strong>1个月的宝宝在睡觉</strong></p><p>未满月的宝宝，一天的睡眠时间大约在18-20小时，也就是除了吃奶和排便，宝宝的其余时间都在睡眠中度过。睡觉中的宝宝，当然不希望被别人抱着摇来晃去啦，安心让孩子睡觉才是正道。</p><p>而且，新生宝宝刚从妈妈肚子里出来，来到这个世界，身体还十分娇软。很多父母都有这样的感觉，刚出生的宝宝，浑身都是软软的，连碰一下都担心碰坏，更不知道怎么抱起宝宝啦。事实也是如此。由于宝宝的脊柱还没有发育完善，错误的抱姿很容易让宝宝不舒服，严重错误的抱姿甚至会影响宝宝脊柱的生长发育。</p><p><img src=""http://p3.pstatp.com/large/1dc50003201ccaa96558"" img_width=""640"" img_height=""400"" alt=""宝宝发育迟缓，因为抱太多了？很多医生不会告诉你"" inline=""0""></p><p>那么，什么样的抱姿才是正确的呢？最常见的抱姿是，让宝宝的头贴住大人左臂的臂弯，大人的小臂沿宝宝的脊柱向下，然后用手托住宝宝臀部。右手辅助左手托住宝宝的臀部和双腿。注意，这时候左臂和身体呈60°夹角，让宝宝的身体，特别是整个脊柱成为一条水平直线，才是正确抱姿的关键。</p><p><strong>3个月的宝宝要平抱</strong></p><p>很多老观念认为3个月的宝宝已经“硬朗”了，竖抱可以帮助宝宝锻炼腰背部和颈部肌肉，这是大错特错的。3个月的宝宝骨骼还没有发育完全，还没有足够的力量支撑起整个身体，因此提前“锻炼”无异于拔苗助长，会造成宝宝脊柱损伤。</p><p>正确的抱姿是，与1个月的小宝不同，3个月的宝宝虽然也是平抱，但是头部可以略略抬高，这样既可以让宝宝四处看看，也很好的保护了宝宝的脊柱。</p><p><img src=""http://p1.pstatp.com/large/1dca00031ffcfc6a1eca"" img_width=""640"" img_height=""400"" alt=""宝宝发育迟缓，因为抱太多了？很多医生不会告诉你"" inline=""0""></p><p><strong>9个月的宝宝在运动</strong></p><p>9个月的宝宝，刚刚学会坐，学会爬，有的宝宝甚至学会了手指的精细动作，可以抓起玩具，捏住玩具，还能捡起小物件的玩具。这是对世界充满了好奇的阶段。细心的爸妈可以发现，宝宝除了睡觉的时候，其余时间都在运动。</p><p>宝宝练习坐，可以增强腰背部力量；练习爬则是锻炼宝宝整体协调能力，增强腿部力量和脚趾力量，为下一阶段宝宝的直立行走做准备。</p><p><img src=""http://p3.pstatp.com/large/1dca00031ffd496b5b3a"" img_width=""640"" img_height=""400"" alt=""宝宝发育迟缓，因为抱太多了？很多医生不会告诉你"" inline=""0""></p><p>这个阶段的宝宝如果一直被抱着，缺少了大运动和精细运动的发展，那么就会影响宝宝整体的发育进程，严重的可以造成宝宝发育迟缓。所以这一阶段可以陪伴宝宝玩耍，看护宝宝安全，但是尽量要少抱。</p>","刚刚出生1个月的欢欢，粉雕玉琢，看起来像个小苹果一样。很多亲戚朋友来看望，都想要抱抱欢欢。每当这个时候，欢欢奶奶总是左拦右挡，生怕客人把欢欢抱坏了似的。欢欢奶奶说，1个月和9个月的小孩最好别抱，医生说，发育迟缓的宝宝，有50%的原因是因为父母抱太多。真的有这么大关系吗？1个月的宝宝在睡觉未满月的宝宝，一天的睡眠时间大约在18-20小时，也就是除了吃奶和排便，宝宝的其余时间都在睡眠中度过。睡觉中的宝宝，当然不希望被别人抱着摇来晃去啦，安心让孩子睡觉才是正道。而且，新生宝宝刚从妈妈肚子里出来，来到这个世界，身体还十分娇软。很多父母都有这样的感觉，刚出生的宝宝，浑身都是软软的，连碰一下都担心碰坏，更不知道怎么抱起宝宝啦。事实也是如此。由于宝宝的脊柱还没有发育完善，错误的抱姿很容易让宝宝不舒服，严重错误的抱姿甚至会影响宝宝脊柱的生长发育。那么，什么样的抱姿才是正确的呢？最常见的抱姿是，让宝宝的头贴住大人左臂的臂弯，大人的小臂沿宝宝的脊柱向下，然后用手托住宝宝臀部。右手辅助左手托住宝宝的臀部和双腿。注意，这时候左臂和身体呈60°夹角，让宝宝的身体，特别是整个脊柱成为一条水平直线，才是正确抱姿的关键。3个月的宝宝要平抱很多老观念认为3个月的宝宝已经“硬朗”了，竖抱可以帮助宝宝锻炼腰背部和颈部肌肉，这是大错特错的。3个月的宝宝骨骼还没有发育完全，还没有足够的力量支撑起整个身体，因此提前“锻炼”无异于拔苗助长，会造成宝宝脊柱损伤。正确的抱姿是，与1个月的小宝不同，3个月的宝宝虽然也是平抱，但是头部可以略略抬高，这样既可以让宝宝四处看看，也很好的保护了宝宝的脊柱。9个月的宝宝在运动9个月的宝宝，刚刚学会坐，学会爬，有的宝宝甚至学会了手指的精细动作，可以抓起玩具，捏住玩具，还能捡起小物件的玩具。这是对世界充满了好奇的阶段。细心的爸妈可以发现，宝宝除了睡觉的时候，其余时间都在运动。宝宝练习坐，可以增强腰背部力量；练习爬则是锻炼宝宝整体协调能力，增强腿部力量和脚趾力量，为下一阶段宝宝的直立行走做准备。这个阶段的宝宝如果一直被抱着，缺少了大运动和精细运动的发展，那么就会影响宝宝整体的发育进程，严重的可以造成宝宝发育迟缓。所以这一阶段可以陪伴宝宝玩耍，看护宝宝安全，但是尽量要少抱。","睡眠玩具小苹果婴幼儿护理育儿锦囊","育儿"
"https://landing.toutiao.com/i6414300792932532737/","无论买没买过这款全球畅销的牙胶，都必须要看看这篇文章","2017-05-03 12:05:41",,"改标题不是为了媚朋友圈的俗，而是真心希望所有买过，以及正打算买这款牙胶的宝妈，都能看到这篇文章。","<p>原本计划写这样的标题：苏菲长颈鹿牙胶，你为何如此傲娇~</p><p>后来想了想，就改成现在的了。</p><p>改标题不是为了媚朋友圈的俗，而是真心希望所有买过，以及正打算买这款牙胶的宝妈，都能看到这篇文章。</p><p><strong>1</strong><strong>．女神</strong></p><p>春节前，女神伊能静在微博声讨苏菲长颈鹿：</p><p><img src=""http://p3.pstatp.com/large/1dbc0006094237c1b499"" img_width=""508"" img_height=""455"" alt=""无论买没买过这款全球畅销的牙胶，都必须要看看这篇文章"" inline=""0""></p><p>点开大图触目惊心，宝宝每天往嘴里塞的玩具，内部竟全是霉点霉斑：</p><p><img src=""http://p3.pstatp.com/large/1dbf0001f742f09c8cbf"" img_width=""353"" img_height=""354"" alt=""无论买没买过这款全球畅销的牙胶，都必须要看看这篇文章"" inline=""0""></p><p>女神这条微博发布之后，身边很多新手妈妈陆续咨询毛爸，问苏菲长颈鹿到底还能不能买。因为问的人太多，并且持续不断，毛爸就决定专门写一篇文章和大家分享。</p><p><strong>2</strong><strong>．评论</strong></p><p>满打满算，苏菲长颈鹿已经55岁了，在全世界范围内都有很高的知名度。但近些年，却一直和负面信息纠缠不清。比如2011年因为“可能致癌”和德国消费者杂志奥科测试的口水仗、一直以来各大消费论坛对小鹿掉色的担忧、最近闹得沸沸扬扬的剪开之后的霉点霉菌……</p><p>事实上这款牙胶到底怎么样呢？毛爸一句话的评论在此：</p><p><strong>曾经很经典，现在已落伍！</strong></p><p><strong>3</strong><strong>．经典</strong></p><p>1965年，玩具公司Vulli在巴黎创立了品牌Sophie the Giraffe（苏菲长颈鹿）。</p><p>因为是<strong>100%天然橡胶材质</strong>，再加上<strong>萌萌惹人爱的外形</strong>，苏菲一推出，就受到市场热捧，并成为牙胶玩具的经典代表，很多国内外明星也被其打动：</p><p><img src=""http://p9.pstatp.com/large/1db70005e5deef818efc"" img_width=""600"" img_height=""400"" alt=""无论买没买过这款全球畅销的牙胶，都必须要看看这篇文章"" inline=""0""></p><p>就连他们家也没能免俗：</p><p>可以说，在过去，Sophie La Girafe取得过辉煌成就，也确实是在特定时代背景下，比较革新的婴儿牙胶玩具。</p><p><strong>4</strong><strong>．缺点</strong></p><p>100%天然材质好么？</p><p>当然好了，宝妈们挑玩具的话，毛爸我首推天然材质的。</p><p>但， 100%天然橡胶材质有个问题：<strong>一受潮，就发霉</strong>！</p><p>受潮倒不怕，宝宝的东西，妈妈们都知道晒干晾干的。</p><p>但，苏菲长颈鹿是会发声的，声音来源于这个通气孔：</p><p>宝妈如果直接用水给长颈鹿泡澡清洁的话，水就会浸入，然后，发霉。</p><p>不仅仅是清洁用水，还有宝宝的口水、南方的黄梅天，都可能会导致小鹿内部发霉，进而影响宝宝的健康。</p><p>虽然Vulli公司和销售商们一再提醒，苏菲长颈鹿不能直接用水洗，而是应该用纱布蘸肥皂水清洁，但，<strong>这年头，宝妈不都是直接用温水给牙胶消毒么？往嘴里塞的玩具，只用纱布擦拭的话，谁放心呢？</strong></p><p>另外，小鹿身上的斑点，虽然是可食用色素，但如果爸爸妈妈购买时不知情的话，看到这个结果，晚上肯定睡不着觉吧：</p><p><strong>一句话，苏菲小鹿，曾经真的很好，但现在，跟不上时代了。</strong></p><p><strong>5</strong><strong>．时代</strong></p><p>时代在发展，科技在进步。</p><p>苏菲长颈鹿不能用水洗，但现在的大部分牙胶都能用水洗，有些还能用开水煮，用蒸笼蒸，用微波炉消毒（硅胶材质的）。在这一点上，天然橡胶材质是没啥竞争力的。</p><p><strong>口欲期的玩具，安全第一，颜值第二。</strong>宝妈们一定要记住了。</p><p>苏菲小鹿的斑点采用食用色素上色，这是从成本角度考虑的。</p><p>现在很多牙胶玩具，不用涂漆涂层上色，也能做到花色多色，但玩具就不是一次成形了，而是要用多种模具出样，最后再组装。所以成本就会高出很多。</p><p><strong>6.</strong><strong>怎么办</strong></p><p>体质较差的宝宝接触到霉菌会有很严重的反应。</p><p>如果已经买过苏菲小鹿的话，重新换一个相对安全的让宝宝继续磨牙。苏菲就放在家里做观赏用吧，毕竟它的外形真的很萌很萌。</p><p>如果正准备给宝宝买牙胶的话，毛爸建议就不要选择苏菲了。假如实在喜欢苏菲的颜值，那就买一个造型差不多，但是没有设计缺陷的。马云家就有很多，可以去看看。</p><p><strong>7.</strong><strong>现状</strong></p><p>Vulli公司似乎没有对苏菲做优化改良的打算（唉，可惜了一副好颜值），天猫旗舰店和各种代购依然卖的如火如荼，但评论总是有不和谐的声音：</p><p><img src=""http://p3.pstatp.com/large/1db70005e5df159cad66"" img_width=""589"" img_height=""174"" alt=""无论买没买过这款全球畅销的牙胶，都必须要看看这篇文章"" inline=""0""></p><p><img src=""http://p1.pstatp.com/large/1db70005e5dd6e91f42b"" img_width=""642"" img_height=""202"" alt=""无论买没买过这款全球畅销的牙胶，都必须要看看这篇文章"" inline=""0""></p><p>毛爸推动不了Vulli公司对苏菲进行优化，也阻止不了各种代购对苏菲的美化，但如果你身边有打算买苏菲长颈鹿牙胶的宝妈，请一定让她看看这篇文章。</p><p>Hi，我是毛爸王二毛，玩具采购老司机、知乎玩具话题类博主、一个孩子的爹、三个孩子的叔。</p><p>「毛爸聊玩具」不仅仅聊玩具，还会聊一些宝宝用品选购、育儿百科、儿童早期教育……但最核心的，还是发挥我的专长，帮您解决购买玩具过程中的所有问题。所以，有任何问题，尽管留言，我尽量会第一时间回复您。</p>","原本计划写这样的标题：苏菲长颈鹿牙胶，你为何如此傲娇~后来想了想，就改成现在的了。改标题不是为了媚朋友圈的俗，而是真心希望所有买过，以及正打算买这款牙胶的宝妈，都能看到这篇文章。1．女神春节前，女神伊能静在微博声讨苏菲长颈鹿：点开大图触目惊心，宝宝每天往嘴里塞的玩具，内部竟全是霉点霉斑：女神这条微博发布之后，身边很多新手妈妈陆续咨询毛爸，问苏菲长颈鹿到底还能不能买。因为问的人太多，并且持续不断，毛爸就决定专门写一篇文章和大家分享。2．评论满打满算，苏菲长颈鹿已经55岁了，在全世界范围内都有很高的知名度。但近些年，却一直和负面信息纠缠不清。比如2011年因为“可能致癌”和德国消费者杂志奥科测试的口水仗、一直以来各大消费论坛对小鹿掉色的担忧、最近闹得沸沸扬扬的剪开之后的霉点霉菌……事实上这款牙胶到底怎么样呢？毛爸一句话的评论在此：曾经很经典，现在已落伍！3．经典1965年，玩具公司Vulli在巴黎创立了品牌Sophie the Giraffe（苏菲长颈鹿）。因为是100%天然橡胶材质，再加上萌萌惹人爱的外形，苏菲一推出，就受到市场热捧，并成为牙胶玩具的经典代表，很多国内外明星也被其打动：就连他们家也没能免俗：可以说，在过去，Sophie La Girafe取得过辉煌成就，也确实是在特定时代背景下，比较革新的婴儿牙胶玩具。4．缺点100%天然材质好么？当然好了，宝妈们挑玩具的话，毛爸我首推天然材质的。但， 100%天然橡胶材质有个问题：一受潮，就发霉！受潮倒不怕，宝宝的东西，妈妈们都知道晒干晾干的。但，苏菲长颈鹿是会发声的，声音来源于这个通气孔：宝妈如果直接用水给长颈鹿泡澡清洁的话，水就会浸入，然后，发霉。不仅仅是清洁用水，还有宝宝的口水、南方的黄梅天，都可能会导致小鹿内部发霉，进而影响宝宝的健康。虽然Vulli公司和销售商们一再提醒，苏菲长颈鹿不能直接用水洗，而是应该用纱布蘸肥皂水清洁，但，这年头，宝妈不都是直接用温水给牙胶消毒么？往嘴里塞的玩具，只用纱布擦拭的话，谁放心呢？另外，小鹿身上的斑点，虽然是可食用色素，但如果爸爸妈妈购买时不知情的话，看到这个结果，晚上肯定睡不着觉吧：一句话，苏菲小鹿，曾经真的很好，但现在，跟不上时代了。5．时代时代在发展，科技在进步。苏菲长颈鹿不能用水洗，但现在的大部分牙胶都能用水洗，有些还能用开水煮，用蒸笼蒸，用微波炉消毒（硅胶材质的）。在这一点上，天然橡胶材质是没啥竞争力的。口欲期的玩具，安全第一，颜值第二。宝妈们一定要记住了。苏菲小鹿的斑点采用食用色素上色，这是从成本角度考虑的。现在很多牙胶玩具，不用涂漆涂层上色，也能做到花色多色，但玩具就不是一次成形了，而是要用多种模具出样，最后再组装。所以成本就会高出很多。6.怎么办体质较差的宝宝接触到霉菌会有很严重的反应。如果已经买过苏菲小鹿的话，重新换一个相对安全的让宝宝继续磨牙。苏菲就放在家里做观赏用吧，毕竟它的外形真的很萌很萌。如果正准备给宝宝买牙胶的话，毛爸建议就不要选择苏菲了。假如实在喜欢苏菲的颜值，那就买一个造型差不多，但是没有设计缺陷的。马云家就有很多，可以去看看。7.现状Vulli公司似乎没有对苏菲做优化改良的打算（唉，可惜了一副好颜值），天猫旗舰店和各种代购依然卖的如火如荼，但评论总是有不和谐的声音：毛爸推动不了Vulli公司对苏菲进行优化，也阻止不了各种代购对苏菲的美化，但如果你身边有打算买苏菲长颈鹿牙胶的宝妈，请一定让她看看这篇文章。Hi，我是毛爸王二毛，玩具采购老司机、知乎玩具话题类博主、一个孩子的爹、三个孩子的叔。「毛爸聊玩具」不仅仅聊玩具，还会聊一些宝宝用品选购、育儿百科、儿童早期教育……但最核心的，还是发挥我的专长，帮您解决购买玩具过程中的所有问题。所以，有任何问题，尽管留言，我尽量会第一时间回复您。","玩具长颈鹿护肤文章育儿","育儿"
"https://landing.toutiao.com/i6415756595182961153/","如果给你一次选择的机会，你会选择龙凤胎还是双胞胎？","爱森尔月嫂","2017-05-03 12:12:36",,"<p>昨天谈了下生龙凤胎的事情，感觉还是有很多人关注哦，那今天我们谈谈龙凤胎胚胎发育情况吧。</p><p>如果可以自己决定孩子的性别，大家肯定首先选择龙凤胎，其次双胞胎，然后女孩，最后男孩。我相信绝大部分父母前面两者会跟我一样选择龙凤和双胞胎，也想要龙凤胎和双胞胎，一次怀孕，解决2次烦恼，但是大部分人都只能生下单胞。</p><p><img src=""http://p9.pstatp.com/large/1dc400004c2159ce1ad3"" img_width=""858"" img_height=""582"" alt=""如果给你一次选择的机会，你会选择龙凤胎还是双胞胎？"" inline=""0""></p><p>生男女孩是由爸爸决定，爸爸的是xy染 色体，妈妈是xx染 色体！这是大家都知道的遗传常识。但单胞，双胞，多胞，还有龙凤胎，又是很多人觉得比较神秘的。</p><p>女性每月排卵通常为1个，非常少的时候是2个。而男性，虽然每次排出的精子很多，可是精子能活并最后到达输卵管的数量是十分稀少的。通常情况下，一个卵子只能跟一个精子进行结合形成胚胎。所以相对来说，单胞胎居多，而且单胞胎是母体内的发育是最正常和健康的。</p><p>而当精卵结合，形成受精卵以后，受精卵如果分裂成为两部分或多个部分，最终就会形成两个或多个一模一样的胚胎。这就是双胞胎和多胞胎的形成，他们在外形，血型等遗传上来看，几乎都是一样的，只会形成后天差异。</p><p><img src=""http://p9.pstatp.com/large/1dc1000040b4c90d4e6f"" img_width=""389"" img_height=""253"" alt=""如果给你一次选择的机会，你会选择龙凤胎还是双胞胎？"" inline=""0""></p><p>如果是女性一次排出来两个卵细胞，分别跟精子结合，就会形成2个独立的受精卵，然后独立发育为胚胎，成为两个独立的孩子。这种情况跟一胎二胎一样，只是把两胎怀孕时间放在一次了而已，生下来的孩子相貌不同，性别也是随机，可能同性，也可能是龙凤胎。</p><p>这里重点要说的是，如果受精卵没有完全分裂，那就是说会形成“半”多胞胎，也就是连体婴！</p><p>那么精子与卵细胞会不会在结合前分裂呢？一般不会，目前全球只有一例是卵细胞分裂成两个，然后分别与精子结合。</p><p><img src=""http://p3.pstatp.com/large/1dc400004c2064d0b98b"" img_width=""570"" img_height=""539"" alt=""如果给你一次选择的机会，你会选择龙凤胎还是双胞胎？"" inline=""0""></p><p>现在饮食方面多种多样，生活习惯也变化，更有“多仔丸”等产品的出现，越来越多的多胞胎，连体婴等出现，这说明我们的遗传基因都随环境在变化，一定要保重身体，保护好健康的基因！</p><p></p><div class=""mp-vote-box mp-vote-outer"" id=""mp-vote-5909589d493b033e14701a71"" data-expire-time=""1496221800"">    <div class=""mp-vote-inner"">        <div class=""mp-vote-title"">如果可以选，要龙凤胎还是双胞胎  (单选)</div>        <div class=""mp-vote-options mp-vote-one"" data-vote-type=""s"">                                <div class=""mp-vote-cell"" data-vote-val=""1"">                    <div style=""height: auto;"" class=""mp-vote-option"">                        <div class=""mp-vote-btn""></div>                        <div class=""mp-vote-data"">                            <div class=""mp-vote-data-item mp-vote-person""><span class=""mp-vote-person-n"">0</span>人</div>                            <div class=""mp-vote-data-item mp-vote-percent""><span class=""mp-vote-percent-n"">0%</span></div>                        </div>                        <div class=""mp-vote-txt"">龙凤胎</div>                    </div>                    <div class=""mp-vote-stat"">                        <div class=""mp-vote-stat-outer"">                            <div class=""mp-vote-stat-inner""></div>                        </div>                    </div>                </div>                                <div class=""mp-vote-cell"" data-vote-val=""2"">                    <div style=""height: auto;"" class=""mp-vote-option"">                        <div class=""mp-vote-btn""></div>                        <div class=""mp-vote-data"">                            <div class=""mp-vote-data-item mp-vote-person""><span class=""mp-vote-person-n"">0</span>人</div>                            <div class=""mp-vote-data-item mp-vote-percent""><span class=""mp-vote-percent-n"">0%</span></div>                        </div>                        <div class=""mp-vote-txt"">双胞胎</div>                    </div>                    <div class=""mp-vote-stat"">                        <div class=""mp-vote-stat-outer"">                            <div class=""mp-vote-stat-inner""></div>                        </div>                    </div>                </div>                                <div class=""mp-vote-cell"" data-vote-val=""3"">                    <div style=""height: auto;"" class=""mp-vote-option"">                        <div class=""mp-vote-btn""></div>                        <div class=""mp-vote-data"">                            <div class=""mp-vote-data-item mp-vote-person""><span class=""mp-vote-person-n"">0</span>人</div>                            <div class=""mp-vote-data-item mp-vote-percent""><span class=""mp-vote-percent-n"">0%</span></div>                        </div>                        <div class=""mp-vote-txt"">单胎</div>                    </div>                    <div class=""mp-vote-stat"">                        <div class=""mp-vote-stat-outer"">                            <div class=""mp-vote-stat-inner""></div>                        </div>                    </div>                </div>                        </div>        <div class=""mp-vote-check"">            <button type=""button"" class=""mp-vote-submit"">投票</button>        </div>    </div></div><p></p>","昨天谈了下生龙凤胎的事情，感觉还是有很多人关注哦，那今天我们谈谈龙凤胎胚胎发育情况吧。如果可以自己决定孩子的性别，大家肯定首先选择龙凤胎，其次双胞胎，然后女孩，最后男孩。我相信绝大部分父母前面两者会跟我一样选择龙凤和双胞胎，也想要龙凤胎和双胞胎，一次怀孕，解决2次烦恼，但是大部分人都只能生下单胞。生男女孩是由爸爸决定，爸爸的是xy染 色体，妈妈是xx染 色体！这是大家都知道的遗传常识。但单胞，双胞，多胞，还有龙凤胎，又是很多人觉得比较神秘的。女性每月排卵通常为1个，非常少的时候是2个。而男性，虽然每次排出的精子很多，可是精子能活并最后到达输卵管的数量是十分稀少的。通常情况下，一个卵子只能跟一个精子进行结合形成胚胎。所以相对来说，单胞胎居多，而且单胞胎是母体内的发育是最正常和健康的。而当精卵结合，形成受精卵以后，受精卵如果分裂成为两部分或多个部分，最终就会形成两个或多个一模一样的胚胎。这就是双胞胎和多胞胎的形成，他们在外形，血型等遗传上来看，几乎都是一样的，只会形成后天差异。如果是女性一次排出来两个卵细胞，分别跟精子结合，就会形成2个独立的受精卵，然后独立发育为胚胎，成为两个独立的孩子。这种情况跟一胎二胎一样，只是把两胎怀孕时间放在一次了而已，生下来的孩子相貌不同，性别也是随机，可能同性，也可能是龙凤胎。这里重点要说的是，如果受精卵没有完全分裂，那就是说会形成“半”多胞胎，也就是连体婴！那么精子与卵细胞会不会在结合前分裂呢？一般不会，目前全球只有一例是卵细胞分裂成两个，然后分别与精子结合。现在饮食方面多种多样，生活习惯也变化，更有“多仔丸”等产品的出现，越来越多的多胞胎，连体婴等出现，这说明我们的遗传基因都随环境在变化，一定要保重身体，保护好健康的基因！            如果可以选，要龙凤胎还是双胞胎  (单选)                                                                                                                                        0人                            0%                                                龙凤胎                                                                                                                                                                                                                                                                                        0人                            0%                                                双胞胎                                                                                                                                                                                                                                                                                        0人                            0%                                                单胎                                                                                                                                                                                                    投票","怀孕孕产育儿","育儿"
"https://landing.toutiao.com/i6415729146210550273/","为什么孕妇不要抱别人家的孩子，看完这些你就懂了","2017-05-03 12:10:10",,"小编就看到过一件危险的事，邻居家怀孕的二姑娘帮忙抱姐姐家的刚刚一周岁左右的儿子，不知道是路上滑还是其他什么原因，猝不及防摔了一跤，我当时看到都吓了一大跳，不管是孕妇还是孩子，摔伤了可都不是小事，万一有什么事，这其中责任谁担，要怎么担？万幸的事，大人孩子都没什么事，虚惊一场。","<p>为什么很多人说怀孕的人不能抱别人家的孩子？是老一辈的迷信吗？这个还真不是，也许有些老人的理由有些迷信，但是孕妇还是少抱别人家的孩子，能不抱就不抱？</p><p><img src=""http://p1.pstatp.com/large/1dc100003df00db3ddec"" img_width=""452"" img_height=""300"" alt=""为什么孕妇不要抱别人家的孩子，看完这些你就懂了"" inline=""0""></p><p>小编就看到过一件危险的事，邻居家怀孕的二姑娘帮忙抱姐姐家的刚刚一周岁左右的儿子，不知道是路上滑还是其他什么原因，猝不及防摔了一跤，我当时看到都吓了一大跳，不管是孕妇还是孩子，摔伤了可都不是小事，万一有什么事，这其中责任谁担，要怎么担？万幸的事，大人孩子都没什么事，虚惊一场。</p><p><img src=""http://p3.pstatp.com/large/1f7b000041fefd5ec752"" img_width=""450"" img_height=""300"" alt=""为什么孕妇不要抱别人家的孩子，看完这些你就懂了"" inline=""0""></p><p>为什么孕期不要抱小孩：<strong>对孕妇身体不利，容易引发流产</strong></p><p>尤其是怀孕前期的准妈妈，胎还没有稳，而小孩子有时候脚喜欢乱蹬，万一不小心踢到肚子，后果可能会有些严重，而怀孕后期的准妈妈们也是如此，身体比较笨重了，也不适合抱孩子，如果一定要抱，记得要量力而行。</p><p><img src=""http://p3.pstatp.com/large/1dc80000489c074f31bf"" img_width=""453"" img_height=""300"" alt=""为什么孕妇不要抱别人家的孩子，看完这些你就懂了"" inline=""0""></p><p>不知道大家认不认同这样的观点，小编觉得怀孕的准妈妈还是小心点为上。</p>","为什么很多人说怀孕的人不能抱别人家的孩子？是老一辈的迷信吗？这个还真不是，也许有些老人的理由有些迷信，但是孕妇还是少抱别人家的孩子，能不抱就不抱？小编就看到过一件危险的事，邻居家怀孕的二姑娘帮忙抱姐姐家的刚刚一周岁左右的儿子，不知道是路上滑还是其他什么原因，猝不及防摔了一跤，我当时看到都吓了一大跳，不管是孕妇还是孩子，摔伤了可都不是小事，万一有什么事，这其中责任谁担，要怎么担？万幸的事，大人孩子都没什么事，虚惊一场。为什么孕期不要抱小孩：对孕妇身体不利，容易引发流产尤其是怀孕前期的准妈妈，胎还没有稳，而小孩子有时候脚喜欢乱蹬，万一不小心踢到肚子，后果可能会有些严重，而怀孕后期的准妈妈们也是如此，身体比较笨重了，也不适合抱孩子，如果一定要抱，记得要量力而行。不知道大家认不认同这样的观点，小编觉得怀孕的准妈妈还是小心点为上。","怀孕孕产育儿","育儿"
