"标题","摘要","作者","时间","源代码","标签","分类","页面网址"
"精华收藏帖：2017年澳大利亚名校优势专业排名",,"指南针Jason","2017-05-03 12:03:03","<div><p>出国留学面临最大的选择就是选学校和专业了，名校情结让人很容易优先考虑择校，然而仅仅为了进入名校却挑个自己不太喜欢/未来发展一般的专业委实不值。</p><p>那么要来澳洲留学的话，各大学的优势专业都是什么呢？ 小编给大家总结了一份详尽的澳洲名校优势专业排名列表，各位准备留学的同学千万不能错过！</p><p><img src=""http://p9.pstatp.com/large/1dc40000485d623c8ae6"" img_width=""640"" img_height=""293"" alt=""精华收藏帖：2017年澳大利亚名校优势专业排名"" inline=""0""></p><p>Accounting &amp; Finance</p><p>会计金融类</p><p>会计与金融专业是澳洲留学最热门的专业，教学质量高，且是可移民专业，每年都有成千上万的留学生赴澳学习会计与金融，因此这个专业的排名格外重要。</p><p>根据最新的QS世界大学【专业】排名显示，共有三所澳洲学校进入榜单前20，六所澳洲大学进入前50。</p><p>具体榜单如下：</p><p><img src=""http://p1.pstatp.com/large/1dc500031c94601f92a3"" img_width=""577"" img_height=""413"" alt=""精华收藏帖：2017年澳大利亚名校优势专业排名"" inline=""0""></p><p>QS专业世界排名：新南威尔士大学11，墨尔本大学14，悉尼大学20，澳洲国立大学23，蒙纳士大学26，昆士兰大学39。</p><p>蒙纳士大学 Monash University（墨尔本）</p><p>优势：蒙纳士是澳洲八大里唯一一所大学的商学院同时获得了AACSB（国际精英商学院协会）、EQUIS（欧洲质量发展认证体系）和AMBA（国际工商管理硕士协会）三项商科国际认证。毕业生就业率排名全球前1%。</p><p>除QS专业世界前50的学校外，澳洲还有很多会计优势的大学：</p><p>麦考瑞大学 Macquarie University （悉尼）</p><p>优势：QS专业世界排名前100，毕业可考CPA注册会计师；CPA 办公室就在学校，方便考会计证。</p><p>迪肯大学 Deakin University（墨尔本）</p><p>优势：QS专业世界排名前150，CPA 办公室就在学校，方便考会计证；提供职业年课程。</p><p>塔斯马尼亚大学 University of Tasmania（塔斯马尼亚）</p><p>优势：百年名校，有1/4奖学金和移民的偏远地区加分。</p><p>南澳大学 University of South Austrailia （南澳大利亚州）</p><p>优势：当地规模最大，州政府投入力度最大，企业关系最紧密；有移民的偏远地区加分，有职业年课程。</p><p>就业方向：</p><p>注册会计师(税务、咨询、审计)、公司会计、公司秘书、管理咨询、政府部门工作(税务、审计、财政、地方政府)、财务规划、投资顾问、金融机构(银行、财务公司等)。</p><p>Art &amp; Design</p><p>艺术设计类</p><p>澳大利亚丰富的移民文化、多元文化特色及艺术氛围使得其艺术设计作品更具现代感和亚洲感,如果你来到澳大利亚,会被各种大胆的设计风格所吸引。澳大利亚的艺术院校在课程设置、授课方式和教学理念等方面都很有特点，尤其注重培养和开拓学生的创造性思维。</p><p>根据最新的QS世界大学【专业】排名显示，共有一所澳洲学校进入榜单前20，八所澳洲学校进入榜单前50。</p><p>具体榜单如下：</p><p><img src=""http://p3.pstatp.com/large/1dc100003d18c7ad9abb"" img_width=""580"" img_height=""554"" alt=""精华收藏帖：2017年澳大利亚名校优势专业排名"" inline=""0""></p><p>QS专业世界排名：RMIT大学17，墨尔本大学28，悉尼科技大学29，新南威尔士大学33，蒙纳士大学34，昆士兰科技大学41，悉尼大学42，澳洲国立大学48。</p><p>皇家墨尔本理工大学RMIT University（墨尔本）</p><p>优势：作为艺术设计的老牌院校，妥妥的拿到了澳洲第一名，世界排名此次为第17位。其传媒和设计专业排名高，专业细分，选择丰富。以服装设计为例，BOF (Business of Fashion) 时装商业评论曾发布“2015年度全球时装教育院校排行榜(Global Fashion Schools Ranking 2015)”，RMIT是澳洲唯一一所跻身全球时装学院前10的学校；与RMIT合作的各大时装品牌：Alexander McQueen, Calvin Klein International, Dior, Louis Vuitton, Vivienne Westwood, CountryRoad, Sportsgirl。毕业生可成为服装设计师、造型师、时尚界记者或者自创服装品牌。</p><p>蒙纳士大学 Monash University（墨尔本）</p><p>优势：蒙纳士艺术，设计&amp;建筑学院MONASH ART DESIGN &amp; ARCHITECTURE（MADA）享誉全球。MADA集合了屡获殊荣的艺术家，设计师和建筑设计师，为澳大利亚和全球社会与未来，共同创造一个美好的设计师社区。MADA的毕业生，一部分正在创建并运营全球最具革新与创意的设计工作室，另一大部分受雇于全球顶尖品牌，更有许多毕业生赢得了众多国家与国际大奖，获得了巨大的认可。</p><p>除世界前50的学校外，澳洲还有很多艺术设计优势的大学：</p><p>斯威本科技大学 Swinburne University of Technology（墨尔本）</p><p>优势：QS专业世界排名前100，澳洲设计师协会所在地。斯威本影视专业深受好评， 休斯顿国际电影节创建人和主席Hunter Todd曾盛赞：“斯威本是世界上最好的电影/视频制作学校。”</p><p>堪培拉大学 University of Canberra（堪培拉）</p><p>优势：QS专业世界排名前200，传媒专业综合优势强。</p><p>默多克大学 Murdoch university（西澳珀斯）</p><p>优势：新闻电视专业排名高、课程实用。</p><p>艾迪斯柯文大学 Edith Cowan University（西澳珀斯）</p><p>优势：和默多克大学齐名，拥有西澳珀斯地区最具实力的传媒专业。</p><p>昆士兰科技大学 Queensland University of Technology（布里斯班）</p><p>优势：有澳洲最大的创意产业基地。</p><p>格里菲斯大学 Griffith Univeristy（布里斯班、黄金海岸）</p><p>优势：在音乐艺术传媒领域排名名列前茅。</p><p>迪肯大学 Deakin University（墨尔本）</p><p>优势：传媒排名靠前，维多利亚州满意度及毕业生雇主满意度最高的大学。</p><p>麦考瑞大学 Macquarie University（悉尼）</p><p>优势：传媒艺术学院前身为澳大利亚电影电视广播学院，历史悠久，师资雄厚。</p><p>悉尼科技大学 University of Technology Sydney（悉尼）</p><p>优势：传媒专业全澳第一，专业综合优势强。</p><p>就业方向：</p><p>设计师、媒体工作人员如记者、编辑等、影视制作人员如剪辑、摄像、导演、动画师等。</p><p>Computer Science &amp; Information Systems</p><p>计算机/IT类</p><p>澳洲IT教育高质领先，学生在完成IT硕士课程后一般都能获得业界较高级别的认证；同时，澳洲IT专业的毕业生的就业前景非常可观，可以技术移民，该职业的发展势头迅猛。</p><p>根据最新的QS世界大学【专业】排名显示，共有一所澳洲学校进入榜单前20，四所澳洲学校进入榜单前50。</p><p>具体榜单如下：</p><p><img src=""http://p3.pstatp.com/large/1dbe00031e046c5e000e"" img_width=""577"" img_height=""277"" alt=""精华收藏帖：2017年澳大利亚名校优势专业排名"" inline=""0""></p><p>QS专业世界排名：</p><p>墨尔本大学14，澳洲国立大学36，新南威尔士大学42，悉尼大学43。</p><p>墨尔本大学 The University of Melbourne（墨尔本）</p><p>优势：计算机、工科专业世界闻名。</p><p>新南威尔士大学 The University of New South Wales (UNSW Australia)（悉尼）</p><p>优势：计算机、工程专业全澳排名前列。</p><p>除世界前50的学校外，澳洲还有很多计算机/IT优势的大学：</p><p>蒙纳士大学 Monash University（墨尔本）</p><p>优势：QS专业世界排名前100，享誉世界的密集研究型大学，是澳大利亚五星级大学。工程/技术与计算机科学领域在2012年和2013年都稳居世界第51-75名。</p><p>皇家墨尔本理工大学RMIT University（墨尔本）</p><p>优势：QS专业世界排名前100，其计算机和信息技术专业一直在澳大利亚处于领先地位，并且与业界巨头有着密切的联系，其中就包括谷歌、微软等巨头互联网公司。</p><p>伍伦贡/卧龙岗大学 Univeristy of Wollongong（新州伍伦贡市）</p><p>优势：计算机专业闻名。</p><p>就业方向：</p><p>软件工程师、计算机网络工程师等。</p><p>Law</p><p>法律类</p><p>澳洲历史上的绝大多数政府总理都是法律背景出身，作为澳大利亚可移民专业，法律专业的优势还是很多的，另外就业前景也非常被看好。</p><p>根据最新的QS世界大学【专业】排名显示，共有四所澳洲学校进入榜单前20，七所澳洲大学进入前50。</p><p>具体榜单如下：</p><p><img src=""http://p3.pstatp.com/large/1dc40000485e10057687"" img_width=""577"" img_height=""488"" alt=""精华收藏帖：2017年澳大利亚名校优势专业排名"" inline=""0""></p><p>QS专业世界排名：墨尔本大学11，悉尼大学13，新南威尔士大学14，澳洲国立大学16，蒙纳士大学27，悉尼科技大学43，昆士兰大学48。</p><p>除世界前50的学校外，澳洲还有很多法律优势的大学：</p><p>邦德大学 Bond Univeristy（黄金海岸）</p><p>优势：Juris Doctor (JD) 法律硕士课程是全澳唯一毕业后可获律师执照的课程——“The Juris Doctor is an approved degree for the purposes of admission as a legal practitioner in all Australian jurisdictions, in conjunction with further study (Graduate Diploma in Legal Practice) or a traineeship”。</p><p>堪培拉大学 Univeristy of Canberra（堪培拉）</p><p>优势：有自己的模拟法庭。</p><p>默多克大学 Murdoch University（西澳珀斯）</p><p>优势：法律专业知名。</p><p>就业方向：</p><p>律师、公检法系统、公司企业法务人员、大学老师等。</p><p>Architecture / Built Environment</p><p>建筑设计类</p><p>澳洲的建筑设计是闻名于世界的。作为澳大利亚可移民专业，其就业前景也很好。</p><p>根据最新的QS世界大学【专业】排名显示，共有两所澳洲学校进入榜单前20，六所澳洲大学进入前50。</p><p>具体榜单如下：</p><p><img src=""http://p3.pstatp.com/large/1dc500031c95f21eaa43"" img_width=""575"" img_height=""413"" alt=""精华收藏帖：2017年澳大利亚名校优势专业排名"" inline=""0""></p><p>QS专业世界排名：悉尼大学14，墨尔本大学19，新南威尔士大学22，RMIT大学28，纽卡斯尔大学45，昆士兰大学49。</p><p>悉尼大学The University of Sydney（悉尼）优势：悉尼大学建筑系成立于1919年，到1990年，建筑系正式确立建筑、规划与艺术设计三大学科和领域,并在建筑学系拥有细致的专业划分—包括建筑、设计、建筑物维护、灯彩照明设计、城市设计规划、设备维护管理、电子艺术、声学与声音以及古迹保护等等。</p><p>墨尔本大学The University of Melbourne（墨尔本）</p><p>优势：建筑园林设计专业全澳前3，课程着重在建筑学设计和实践，学习内容有助于建筑环境改善的设计技能、关于建筑学历史、理论、技术的基础内容，这些内容能够使毕业生具备开发关于时空、人文的创新建筑。</p><p>新南威尔士大学The University of New South Wales (UNSW Australia)（悉尼）</p><p>优势：专业全澳前3，学校曾参与悉尼奥运整体规划，提供的硕士课程包括城市发展与设计、环境建设可持续性发展、建筑管理和房地产等，是澳大利亚最大的建筑学院。</p><p>皇家墨尔本理工大学RMIT University（墨尔本）</p><p>优势：专业全澳前5。在2014年国际设计生活杂志Jebiga将RMIT列入世界顶尖建筑学校，与哈佛、麻省理工和英国AA建筑学院齐名。RMIT建筑与设计学院在美国、欧洲、亚洲都拥有广泛的行业合作伙伴，包括法国及日本的全球建筑研讨会，以及与哥本哈根、柏林、洛杉机、奥地林因斯布鲁克、上海、法国等地区的工作室项目。RMIT的建筑学院有着先进的教学理念，完善的教育设施，合理的课程安排以及强大的教育师资。</p><p>除世界前50的学校外，澳洲还有很多建筑设计优势的大学：</p><p>南澳大学 University of South Australia（阿德莱德）</p><p>优势：人才辈出，校友的设计曾中标悉尼奥运，北京奥运，丽泽金融区规划方案。</p><p>堪培拉大学 Univeristy of Canberra（堪培拉）</p><p>优势：专业被澳洲评为五星专业。</p><p>昆士兰科技大学 Queensland of Univeristy Technology（昆士兰）</p><p>优势：专业排名靠前。</p><p>就业方向：</p><p>建筑公司、房地产开发商设计师、制图师、工程技术和设计管理经理等。</p><p>Engineering and Technology</p><p>工程类</p><p>工程专业是相对容易移民的专业，雅思只需G类4个6,即可通过澳大利亚工程师协会（EA）的职业评估。工程师的方向很多，常见的有土木工程、机械工程、电气工程等等，需要逻辑推理、系统分析以及复杂问题的解决能力。工程类毕业生的就业前景相当可观，平均起薪点通常可以达到5万到6万澳元左右，一般工程师的入职起薪点是4.5万澳元，资深工程师的薪金可达到15到20万澳元以上。矿业工程的收入甚至更加可观，从6万澳元开始。</p><p>根据最新的QS世界大学【专业】排名显示，共有五所澳洲大学进入前50。</p><p>具体榜单如下：</p><p><img src=""http://p1.pstatp.com/large/1dbe00031e055552175d"" img_width=""577"" img_height=""347"" alt=""精华收藏帖：2017年澳大利亚名校优势专业排名"" inline=""0""></p><p>QS专业世界排名：墨尔本大学28，新南威尔士大学31，悉尼大学22，RMIT大学41，蒙纳士大学44，澳洲国立大学49。</p><p>皇家墨尔本理工大学 RMIT（墨尔本）</p><p>优势：澳洲汽车工业的摇篮，汽车工业基础所在地。</p><p>蒙纳士大学 Monash University（墨尔本）</p><p>优势：师资科研力量雄厚。</p><p>除世界前50的学校外，澳洲还有很多工程优势的大学：</p><p>斯威本科技大学 Swinburne University of Tehchnology（墨尔本）</p><p>优势：课程注重实践，毕业生就业率高。</p><p>就业方向：</p><p>各大制造业企业或者政府机构的各类工程师，如土木工程师、机械工程师、电气工程师等。</p><p>Pharmacy &amp; Pharmacology</p><p>药学类</p><p>药剂师目前是澳大利亚的紧缺职业，在CSOL列表内，每年约有1200名学生从药剂学专业毕业。药剂学毕业生第一年起薪并不高，主要在注册药剂师的指导下实习；但在第一年实习结束参加药剂师考试通过后，工资马上翻1倍，涨到6万澳元以上。</p><p>根据最新的QS世界大学【专业】排名显示，共有两所澳洲学校进入榜单前20，四所澳洲大学进入前50。</p><p>具体榜单如下：</p><p><img src=""http://p9.pstatp.com/large/1dc80000474b3c0e3e83"" img_width=""577"" img_height=""275"" alt=""精华收藏帖：2017年澳大利亚名校优势专业排名"" inline=""0""></p><p>QS专业世界排名：蒙纳士大学2，悉尼大学20，昆士兰大学31，墨尔本大学49。</p><p>蒙纳士大学 Monash University（墨尔本）</p><p>优势：专业排名全澳第1，全球第2，称霸全澳，亦在全世界享有盛誉。</p><p>悉尼大学The University of Sydney（悉尼）优势：专业排名全澳第2，全球第20。</p><p>除世界前50的学校外，澳洲还有很多药学优势的大学：</p><p>迪肯大学 Deakin University（墨尔本）</p><p>优势：课程实用，毕业生雇主评价高。</p><p>就业方向：</p><p>医药研究员、医院药剂师、制药企业的药品质量监督员等。</p><p>“</p><p>另附各医药类相关专业：</p><p>Medicine</p><p>医学类</p><p>根据最新的QS世界大学【专业】排名显示，共有两所澳洲学校进入榜单前20，五所澳洲大学进入前50。</p><p>具体榜单如下：</p><p><img src=""http://p1.pstatp.com/large/1dc80000474ca2145bb0"" img_width=""580"" img_height=""347"" alt=""精华收藏帖：2017年澳大利亚名校优势专业排名"" inline=""0""></p><p>QS专业世界排名：悉尼大学15，墨尔本大学19，蒙纳士大学29，昆士兰大学42，新南威尔士大学50。</p><p>Nursing</p><p>护理学</p><p>移民热门专业，小编力荐。</p><p>根据最新的QS世界大学【专业】排名显示，共有四所澳洲学校进入榜单前20，十所澳洲大学进入前50。</p><p>具体榜单如下：</p><p><img src=""http://p3.pstatp.com/large/1dbe00031e07749baf60"" img_width=""580"" img_height=""688"" alt=""精华收藏帖：2017年澳大利亚名校优势专业排名"" inline=""0""></p><p>QS专业世界排名：悉尼科技大学4，悉尼大学9，蒙纳士大学12，墨尔本大学18，迪肯大学24，阿德莱德大学33，格里菲斯大学34，昆士兰大学38，昆士兰科技大学42，南澳大学48。</p><p>护理课程介绍：</p><p>称霸移民世界，唯有Nursing护理专业【全面解析护理专业+常见问题汇总】</p><p>Education</p><p>教育类</p><p>教育专业是澳大利亚移民专业之一，澳洲当地的教师需求量非常大，且随着西方国家汉语热的兴起，拥有中英双语能力的教学专业的毕业生具有很大的竞争力。澳洲的教师一般分为三个类别，early childhood学前教育，primary小学教育和secondary中学教育。教师的工资起薪也是比较高的，而且每年新毕业生的起薪都会有一定增长。澳洲学校在教育学专业表现出色，墨尔本大学甚至进入了全球前五，仅次于伦敦大学学院，哈佛大学，斯坦福大学和剑桥大学。</p><p>根据最新的QS世界大学【专业】排名显示，共有四所澳洲学校进入榜单前20，八所澳洲大学进入前50。</p><p>具体榜单如下：</p><p><img src=""http://p3.pstatp.com/large/1dbe00031e0618ea0542"" img_width=""578"" img_height=""551"" alt=""精华收藏帖：2017年澳大利亚名校优势专业排名"" inline=""0""></p><p>QS专业世界排名：墨尔本大学5，悉尼大学11，昆士兰大学14，蒙纳士大学17，迪肯大学28，澳洲国立大学39，昆士兰大学45，新南威尔士大学49。</p><p>除世界前50的学校外，澳洲还有很多教育优势的大学：</p><p>皇家墨尔本理工大学 RMIT（墨尔本）</p><p>优势：全澳只有RMIT提供一年制（含实习）的Graduate Diploma in Education (Early Childhood)，成为很多想通过补课走教育移民学生的捷径。</p><p>就业方向：</p><p>在国家教育或社会福利部门从事初级教育、教育行政、福利事业、教育咨询与指导等工作；在早期儿童服务中心任教，例如学龄前学校、看护中心以及幼儿园等。</p><p><strong>指南针原创文章 严禁抄袭转载 </strong></p><br></div>","悉尼大学澳洲国立大学墨尔本大学莫纳什大学UNSW","教育","https://landing.toutiao.com/i6415754215271956994/"
"一个人一生中最重要的能力是什么｜英语每天学",,"上海图书馆","2017-05-03 11:59:14","<div><p><img src=""http://p1.pstatp.com/large/18b20004f819de8531e6"" img_width=""650"" img_height=""139"" alt=""一个人一生中最重要的能力是什么｜英语每天学"" inline=""0""></p><blockquote><p>上海图书馆每天为头条号的读者提供优质的双语阅读文章</p></blockquote><h1>聚焦一生中最重要的技能</h1><p>1. The ability to express your thoughts<strong>表达自己想法的能力</strong></p><p>It’s extremely important for a person to learn to put into words, what he thinks. It makes a relationship last. It gives you a chance to explore what others think about your ideas. It lets you answer questions in a way other people understand.</p><p><strong>对于一个人来说，学着用语言来表达自己的想法是非常重要的。这能让一段关系维持下去，给你一个机会去探索别人对你的想法所抱有的看法，让你以其他人能够明白的方式回答问题。</strong></p><p><img src=""http://p1.pstatp.com/large/1dc1000039670efe1f46"" img_width=""640"" img_height=""426"" alt=""一个人一生中最重要的能力是什么｜英语每天学"" inline=""0""></p><p>2. The ability to tell a good story <strong>讲好故事的能力</strong></p><p>You are going to meet a lot of people in a lifetime and while you’ll forget most of them, you’ll always remember the good storytellers.</p><p><strong>你会在一生中遇到许多人，但是你会忘记他们之中的大部分，却会一直记住那些会讲故事的人。</strong></p><p><img src=""http://p3.pstatp.com/large/1dc400004552c22361ce"" img_width=""640"" img_height=""423"" alt=""一个人一生中最重要的能力是什么｜英语每天学"" inline=""0""></p><p>3. Self-discipline<strong>自律</strong></p><p>The skill is to motivate oneself constantly and to never lose track of one’s goals and to work constantly towards them.</p><p><strong>这种技能就是不停地激励自我、永远不会迷失自己的目标并且不停地朝着目标努力。</strong></p><p><img src=""http://p3.pstatp.com/large/1dc5000319a54f2d17b3"" img_width=""600"" img_height=""366"" alt=""一个人一生中最重要的能力是什么｜英语每天学"" inline=""0""></p><p>4. The ability to accept<strong>接受的能力</strong></p><p>Accept that life can’t always be the way you want. Accept that you can’t keep everyone happy. Accept that unrealistic goals can never be achieved. Accept that you can’t change things which are not in your hands. Accept that your happiness lies in your hands. If we accept these, life will be much simpler.</p><p><strong>接受不能尽如人意的生活。接受你无法取悦每一个人。接受不切实际的目标永远无法实现。接受你无法改变不为你掌握的事情。接受你的幸福掌握在你自己手中。如果我们能接受这些，生活将会简单得多。</strong></p><p><img src=""http://p1.pstatp.com/large/1dbe00031b64d70eaa47"" img_width=""330"" img_height=""220"" alt=""一个人一生中最重要的能力是什么｜英语每天学"" inline=""0""></p><hr><blockquote><p>获得更好的英语阅读体验</p><p>请关注上海图书馆信使</p><p>Wechat ID：shlibrary</p></blockquote></div>","英语鸡汤教育","教育","https://landing.toutiao.com/i6415753230348714498/"
"司法考试每日一练：商经法（5.3）",,"正保法律教育网","2017-05-03 12:05:11","<div><p>法律教育网司法考试《每日一练》包括网校精编题目测试和历年真题测试两大部分，注册学员登录后系统记录做题结果，方便您随时查看在线测试记录，让您的复习备考更科学有效。每天进步一点点，提高一分，干掉千人！</p><p>【多选题】</p><p>张、王、李、赵各出资四分之一，设立通程酒吧（普通合伙企业）合伙协议未约定合伙期限。现围绕合伙份额转让、酒吧管理等事项，经全体合伙人同意，林某被聘任为酒吧经营管理人，在其受聘期间自主决定采取的下列管理措施符合《合伙企业法》规定的是（ ）</p><p>A.为改变经营结构扩大影响力，将经营范围扩展至法国红酒代理销售业务</p><p>B.为改变资金流量不足情况，以酒吧不动产为抵押，向某银行借款50万元</p><p>C.为营造气氛，以酒吧名义与某音乐师签约，约定音乐师每晚在酒吧表演2小时</p><p>D.为整顿员工工作纪律，开除2名经常被顾客投诉的员工，招聘3名新员工</p><p>【正确答案】 CD</p><p>【答案解析】 选项A错误。《合伙企业法》第三十一条第（二）项规定，除合伙协议另有约定外，改变合伙企业的经营范围、主要经营场所的地点，应当经全体合伙人一致同意。</p><p>选项B错误。《合伙企业法》第三十一条第（三）项规定，除合伙协议另有约定外，处分合伙企业的不动产，应当经全体合伙人一致同意。</p><p>选项C.D中的事项不属于《合伙企业法》中规定的需要经全体合伙人一致同意才能进行的事项。因此，经营管理人在其受聘期间可以自主决定采取。</p><p><strong>法律教育网原创，转载请注明出处</strong></p></div>","国家司法考试法律法国葡萄酒教育","教育","https://landing.toutiao.com/i6415754765006799361/"
"不算多余的话，一个平行班班主任的真实感悟",,"盐之道","2017-05-03 12:04:08","<div><p>如果孩子们没有学习的愿望，我们的所有想法、方案和设想，都会变成灰烬，变成木乃伊。</p><p>——苏霍姆林斯基《给教师的一百条建议》</p><p>娓娓道来：自上个学年结束后，我一直在思考着我曾经遇到过的那些困惑，在学习历史和专业知识之余，我又尝试着回归教育学、心理学，为了寻找那些困扰我并令我久久不能释怀的问题的答案，更是为了自己“无愧我心”的人生信条。</p><p>其实，回过头来我很感激学校的领导能够让我当班主任，并且当一个平行班的班主任。怀着一颗感恩的心来看过往之事，一切皆可以看作对自己的磨砺和鼓舞，佛教所谓“悲中见美”，亦是此意。若是给我一帮子很自觉、学习很好的学生，我肯定不会对学生的本质产生那么多的思考；我会把所有精力都放在班级的建设和提高学生成绩以及综合素质上来。但是，就是因为所带的是平行班，所以我仿佛一直在解决一个问题“为什么要学习？”而不是“如何学习？”，实践证明在那样一种环境下想大幅度提高成绩真的是太难了。</p><p>过去的一年充满了质疑、困惑，甚至是苦痛，当然也伴随着欢笑、温馨、感动和幸福的时光，因为生活本身就是酸、甜、苦、辣、咸五味杂陈的。我从未放弃对教育探索的脚步，当我阅读了张文质老师的《教育是慢的艺术》和李开复先生的《做最好的自己》，我的内心充满了希冀，他们的话仿佛涓涓细流滋润了我的心田。随后，我又接触到了魏书生老师、李镇西老师和苏州大学的朱永新教授，是他们的教育感念在最黑暗的时刻给了我光明，让我明白教育的本质在于用爱心催生希望之花，教育在于启蒙心智。</p><p>正是基于以上理念，所以在一年的时光里，我的做法得到同学、家长、同行以及学校的肯定。在我一系列具有开创性的活动中，无数次的谈话、谈心与交流，各种形式的班会、班级活动，还有校运动会、12.9班级诗歌朗诵以及校园文化艺术节。这些都是极为温馨、令人无比怀念的美好记忆，我会一辈子珍藏这份情谊。</p><p>但是，以上这些所谓的美好并不能掩盖学生背后的硬伤，而正是这些硬伤消解了教师的积极性和热情，甚至可以说是抹杀了教育的价值所在。</p><p>至今，我仍深深的记得一些场景。我忘不了班级学生通过暴力来解决问题给同学所带来的伤害以及给我带来的无限多的棘手的处理；我也忘不了那些半途而退学的学生；还有那无数次的旷课、抽烟给我带来的麻烦；正是这些琐事，本来作为一名学生是不该发生的却屡禁不止的违纪，让我耗尽了心血。我也记不清有多少次到德育处领回考试作弊的学生；因为迟到而给学生打了多少次电话；因为学生而给家长打了多少次电话，又与家长面谈了多少次。难道这就是班主任应该有的丰富生活？难道这就是被人形象的描述为“保姆”的当代班主任？</p><p>为什么普通班的很多同学主要精力不能放在学习上呢？康德已经作了很好的回答，因为他们保有某种野性，很难长久的静坐。</p><p>所以出现了顶撞老师、打架、旷课、迟到、早退、上课注意力不集中、抽烟，还包括恋爱和中途的退学。其中，这里有些原因可以归结为家庭情感教育的缺失从而导致的人格不健全。由于诸多的家庭原因：如父母根本不懂得教育，从而造成的娇惯和溺爱，这一点是普通家庭普遍存在且令人痛心疾首的，正如福禄贝尔所言：母亲决定了民族的未来。如家庭的残缺所导致的父母之爱的缺失、情感的缺陷。如父母不能履行教育的责任而形成的“单亲家庭”现象，同样存在于高中阶段的学生中。其次，受整个社会功利主义价值观的导向，普遍存在的“读书无用论”扭曲了作为完善生命本身的教育的价值所在。在一切物化以金钱作为衡量人生价值标准的人们看来，受教育是浪费时间、浪费金钱。孰不知，正如康德所言，人只有通过教育才能成为人；那么我们是否可以理解为没有受过良好教育的人则不是完整的人。想想我的那些中途退学的学生们，他们若是可以在社会中汲取营养，继续求知和奋斗，那么他们则可以自救，否则结果只可能是被社会所边缘化。</p><p>所以，作为平行班，能够自主学习的人数总在个位数，而且这些同学还会受到班级不良环境及其他同学的干扰，自然他们总是牺牲的角色，这里不排除积极的带动和帮助意义，但却是很微弱的。那么，在这样一种氛围里，任课教师是很难尽全力去施教的，因为我们必须承认作为教师的“择天下英才而教之”的价值取向，否则除了特别有爱心、特别能奉献的教师之外；对于极少数学习刻苦的同学来说这一点也是不公平的。</p><p>我也深知很多问题是社会深层次的，只有通过社会的启蒙和观念的进化来解决，吾辈也只能思考而已。既然社会环境和家庭出身都无法改变，那就从自我改变做起。其实，我的学生们我很了解，他们绝大多数都怀揣着自己的大学梦，但只因为以前对于学习欠下的帐太多了，让他们渐渐失去了信心和兴趣，从而使他们厌学、叛逆，最终离自己的理想越走越远。It’s never too old to learn，所以只要愿意从任何时刻起都不晚。我希望他们更加地有责任心，不做伤害他人的事，让自己变得更加成熟和包容，明白学习到底对自己意味着什么。不要浑浑噩噩地度过这人生最灿烂的时刻，不要在选择高校时都不知道自己该选择什么专业，不要一张嘴就问什么专业最赚钱、出路最好，不要以父母给自己安排好了一切而感到骄傲，要懂得给自己储备未来，体会到学习过程的美好以及收获的快乐。</p><p>在这里，祝福我所有的学生能够健康、快乐的成长和生活，我想这已足够了吧。最后，我想说我不知道普通班的所有老师是否都真心爱着并关照他的学生们，但是若是他们是真心的付出，我敢肯定他们就是真正伟大的老师了。</p></div>","魏书生康德苏霍姆林斯基心理学大学","教育","https://landing.toutiao.com/i6415754491777253889/"
"2017成都私立初中外地生考这些题，你会做多少？",,"成都小升初","2017-05-03 12:02:53","<div><p><img src=""http://p3.pstatp.com/large/1dc500031c8de0be4a76"" img_width=""354"" img_height=""240"" alt=""2017成都私立初中外地生考这些题，你会做多少？"" inline=""0""></p><p>2017年成都私立初中举办的外地生小升初招生考试都严格遵照了教育局的规定——不动笔。虽然在面谈前已经对学生个人情况进行了筛查，但在不动笔的情况下，如何不错过优生，对学校来说仍是一大考验。</p><p>同时，对一些不擅长口头表达、性格内向的学生来说，也更有挑战。</p><p>现在就一起来看看，今年这些私立名校又出了哪些令人抓狂的题目？</p><p><strong>嘉祥外国语：</strong></p><p>今年嘉祥外国语学校面谈与往年最大的不同是题量更加少而精。</p><p>科学素质面谈大概有5-6个板块，科学素养要求学生能够通过心算给出正确答案，考察内容包括分数、分率、图形题等。</p><p>综合素质面谈则包括了文言文阅读，口语交流等。面谈内容上出现了许多接地气的题目，例如让学生从几幅图中选择“微信app”的正确图标，工商银行的缩写到底是ICCB、ICBC、还是IBBC，苹果公司logo到底是长什么样的等等。</p><p>在口语交流中，嘉祥也问到了学生对共享单车的看法，要求学生谈谈共享单车为生活带来了哪些便利，对于新闻中出现的毁坏单车的现象有哪些解决方案等。</p><p><strong>成都外国语学校：</strong></p><p>知识性内容有古诗词背诵、文言文理解、成语解释和读音、英语跟读以及运用数学知识去解决一些问题等。</p><p>在自由表达中，学校给同学们一段材料，大意是六一儿童节即将到来，学校正在选话剧演员，同学们都很想参加，“你”也不例外，然而最后“你”却落选了，但“你”并没有因此气馁和沮丧，而是真心为获选的同学高兴鼓掌。要求以这段话为基础，同学们来进行自由表达。</p><p>考察对文章的理解：这是一篇反对“家长专制”作风的阅读文章，名为《后生可畏》，文章中，“爸爸”要求孩子“大人说话时小孩不能插嘴”，但“我”能言善辩，有理有据地驳得“爸爸”无言以对，心服口服，以此鼓励孩子们大胆提出自己的观点，不惧权威，敢想敢言。</p><p><strong>师大一中：</strong></p><p>师大一中的面谈内容大多以生活常识、文化素质题为主，比如“植树节、母亲节分别是多少号？”“诺贝尔奖有哪些分类？”“中国的英文缩写是什么？”，整个面谈中，还涉及了一些语文基础知识和一些古诗填空，数学和外语则涉及较少。</p><p><strong>西川中学：</strong></p><p>大约每30名学生组成一组。首先老师会给出不同的话题，学生举手回答。这些话题包括“你的理想是什么？打算怎么实现这个理想？”“做一下自我介绍”“介绍一本你喜欢的书，或者最近看了什么书？”“怎么看待城市共享单车的种种问题？”等等。</p><p>面谈中也包括了语文、数学等学科在内的综合素质考察。例如，对学生古诗词的考察。今年西川中学的古诗词考察，简直就是以“春”为主题的飞花令。学生们回忆，老师相继考察了《春夜喜雨》《春晓》《早春呈水部张十八员外二首》《春望》等古诗词内容。</p><p>此外，还通过两个谜面，考察了24节气中的两个节气。同时，学校还给了一段材料《攀在树梢上的童年》，要求学生聊聊文章是什么结构等基本问题。</p><p>涉及数学基础知识的考察，题目并不多，多数学生表示，考察的都是小学基础能力。例如，几何图形、工程问题都有涉及。常见的鸡兔同笼问题则被换了一种方式，变成了蜻蜓、蜘蛛和蝉在一个空间，给出翅膀和脚的参数，最后问不同的动物的数量。</p><p>最后，学生们还被带到操场，进行了大约15分钟左右的列队、慢跑、做操、跳跃等简单的体能运动。</p><p><strong>实外西区：</strong></p><p>今年实外西区的面谈考察主要涉及语文和数学两个方面的知识。数学方面所考察的知识涉及方程、几何、算术等。</p><p>涉及语文方面的面谈多为古文基础，不仅有古诗词填空，还有文言文解读。“古诗词考察方式很轻松，老师给出上半句诗歌，让我们写出下半句，比如落红不是无情物，（）。海上生明月（）。君子坦荡荡，（）。”</p><p>让学生以“回应父母的爱”为主题，考察学生的文章组织能力。</p></div>","语文数学文章古诗英语","教育","https://landing.toutiao.com/i6415754171059798530/"
"谁为沪江网校代言？除了小鲜肉或许还有人工智能",,"科技辣评","2017-05-03 14:07:32","<div><p>将在线学习做的风生水起的沪江网校又要“搞事情”。</p><p>4月17日，@沪江网校官方微博宣布沪江网校请了一位新代言人。不过，沪江网校并没有直接给出代言人的具体信息，而是制造了几个小悬念，和网友们进行互动。除了几组悬念海报，@沪江网校还发布一段“代言人”大秀英文的遮脸视频。</p><p></p><div class=""tt-video-box"" tt-videoid=""437b49f0c88e4f3f8d6ac2d9b2ee7fa9"" tt-poster=""http://p1.pstatp.com/large/1eb0000488c461fe3922"">视频加载中...</div><script src=""https://s0.pstatp.com/tt_player/tt.player.js?v=20160723""></script><p></p><p><img src=""http://p3.pstatp.com/large/1dca00031bcd2f8dbe53"" img_width=""498"" img_height=""395"" alt=""谁为沪江网校代言？除了小鲜肉或许还有人工智能"" inline=""0""></p><p>几张代言人海报和露声视频，将这位神秘人物的信息进行了勾画。关于这位代言人的人选，网友们也进行了热烈讨论，甚至有网友直接给出了猜测的人选——有鹿晗、刘浩然，还有吴磊等等。</p><p>无论是从官方给出的信息还是网友的猜测来看，代言人选都聚焦在“青春、励志、正能量”这几个标签上，看来沪江网校是有意塑造年轻的品牌形象，准备释放无敌的青春力量了。</p><p>不过，在大部分网友把关注点放在代言人的身份以及“高颜值、小鲜肉、95后”等话题时，却也忽略了海报中十分重要的信息“<strong>Uni智能学习系统上线</strong>”。</p><p><img src=""http://p3.pstatp.com/large/1dc4000047cecd62dadd"" img_width=""295"" img_height=""525"" alt=""谁为沪江网校代言？除了小鲜肉或许还有人工智能"" inline=""0""></p><p>海报中显示，“5月7日，不见不散”的“<strong>U</strong><strong>ni</strong><strong>智能学习系统</strong>”，这会是什么“黑科技”呢？</p><p>说到“智能”就会联想到现在最炙手可热的人工智能技术。人工智能是近年来的科技研究热点，各大科技巨头纷纷投入巨资进行研发，已经相继侵袭了消费电子、电子商务、媒体、交通和医疗保健等行业。鉴于教育是各行各业发展的必要基础，因此人工智能可以通过在线教育释放自己最大的潜力。</p><p><img src=""http://p1.pstatp.com/large/1dc8000046bea0b34b12"" img_width=""377"" img_height=""565"" alt=""谁为沪江网校代言？除了小鲜肉或许还有人工智能"" inline=""0""></p><p>就在4月27日，互联网学习平台沪江联手GMIC,在北京举办了ET2017智能学习高峰论坛，主题为“方兴未AI 智启未来”，深度探讨在人工智能驱动下，教育智能化发展趋势和个性化教学的未来。</p><p>沪江创始人兼董事长CEO伏彩瑞在会上表示，在线教育正在从移动时代向人工智能时代过渡，AI+教育是互联网教育发展的高级阶段。伏彩瑞认为，对于教育企业来说，AI+教育时代不是弯道超车，而是换道超车的大好机会。人工智能不仅将取代教育从业者的重复性劳动，还将摒弃传统的粗放式教育，提供“千人千面”的个性化定制教育。</p><p>早在今年3月，沪江网校就推出了一款针对大学生四级英语的人工智能学习课程。该课程可根据每个学生的个人情况让他学习不同的课程内容。同时，通过人工智能技术省去了教室和教师的成本，更多的学生享受到了低至29元的四级课程，用和考试报名费差不多的价格获得了价值1139元的全程智能签约课程，受到广大学生的欢迎。据统计，这款智能化的学习产品使学习者学习效果提升了39%，学习效率提升了28%，学习黏性提升了40%，很多用户表示感觉这门课程好像是专门为他量身订制的。</p><p><img src=""http://p9.pstatp.com/large/1dc4000047e114e4f6ad"" img_width=""554"" img_height=""281"" alt=""谁为沪江网校代言？除了小鲜肉或许还有人工智能"" inline=""0""></p><p>毫无疑问，这款“四级智能课”是沪江网校在智能化教育方面迈出的第一步。沪江还透露，5月会上线覆盖英语四六级、留学、日语等多品类的智能系列课程，让更多学习者能够体验人工智能带来的全新的学习体验。</p><p>非常明确的是，这就是海报上所说的“5月7日，Uni智能学习系统上线”，从一份已经曝光的“5月Uni智能系列课程”名单中，显示会包含大学英语四级课、六级等在内的多种智能系列课程，可以看到的是配套这一智能学习系统推出的诸多课程价格低至29元到百元不等，非常吸引人。</p><p><img src=""http://p1.pstatp.com/large/1dbe00031d73950a3872"" img_width=""577"" img_height=""354"" alt=""谁为沪江网校代言？除了小鲜肉或许还有人工智能"" inline=""0""></p><p>毫无疑问，从单一产品到赋能产品智能化的课程系统，以“Uni”为代表的智能系列课程将再一次推动在线教育行业进步。据悉，5月7日，沪江网校在宣布代言人的同时，将会在线下召开Uni智能学习系统首发课程的体验会，届时会邀请百位沪江网校的学员来体验Uni，近距离感受它的魅力。</p></div>","在线教育人工智能英语CET电子商务","教育","https://landing.toutiao.com/i6415786259070845442/"
"资格证面试：备考指导—美术各学段考察重点",,"河北华图教育","2017-05-03 12:05:03","<div><p><img src=""http://p1.pstatp.com/large/1dc00006337e056d5758"" img_width=""575"" img_height=""305"" alt=""资格证面试：备考指导—美术各学段考察重点"" inline=""0""></p><p><strong>美术各学段考察重点</strong></p><p><strong>一、各学段考察</strong></p><p>“ </p><p><img src=""http://p1.pstatp.com/large/1dbe0002b1e0f5989099"" img_width=""517"" img_height=""591"" alt=""资格证面试：备考指导—美术各学段考察重点"" inline=""0""></p><p>”</p><p><img src=""http://p3.pstatp.com/large/1dbe0002b1dc7356ed9c"" img_width=""200"" img_height=""200"" alt=""资格证面试：备考指导—美术各学段考察重点"" inline=""0""></p><p><strong>二、 备考指导</strong></p><p>“ </p><p><strong>1、 整体把握</strong></p><p>考生应充分熟悉考情、掌握教材内容，做到对大部分课程的内容有所了解。因为极大多数地区试题均为黑白打印图，所以对于教材中的图片和作品，我们需要做到心中有数。</p><p><strong>2、分类突破</strong></p><p>中小学美术资格证面试涉及到的版本较多，而考生不可能做到对所有版本的教材都了如指掌。在备考期间，准备一套常考的教材即可，将教材内容做到分领域、分类型进行梳理，将每一类型的授课思路、涉及到的知识点分类突破，这样就能做到以不变应万变，抽到任一版本的课题，都能灵活应对。考生需要制定相应的复习计划，根据自身情况，针对教案书写和教学活动中的各个环节加以强化训练，做到各个突破，实现综合提升。</p><p>需注意，练习中应时刻关注自我表现力，做到行为得体，举止大方，神态从容，语速适中。</p><p><strong>3、 全真模拟</strong></p><p>考生可为自己设定相应的模拟场景，通过限定时间模拟锻炼自己的应考心里，并熟悉考试环境。</p></div>","资格考试美术艺术教育","教育","https://landing.toutiao.com/i6415723613076324866/"
"成都一学校开新课 全校学生竟“离校出走”",,"岳读","2017-05-03 12:04:19","<div><p><img src=""http://p3.pstatp.com/large/1dca000313fe42355998"" img_width=""1129"" img_height=""751"" alt=""成都一学校开新课 全校学生竟“离校出走”"" inline=""0""></p><p><img src=""http://p3.pstatp.com/large/1dca0003140674cd5d2b"" img_width=""1130"" img_height=""746"" alt=""成都一学校开新课 全校学生竟“离校出走”"" inline=""0""></p><p class=""pgc-img-caption"">关卡比拼</p><blockquote><p>西雅美途开了一门新课程，第一次上课全校学生竟然“离校出走。”究竟是怎么一回事？</p><p>28日，西雅美途携手乐夫营地开展“我行走 我体验 我经历 我成长”为主题两天一夜的行走课堂。据称，这不仅仅是“游玩”那么简单，全校学生需徒步暴走3公里，还要攀岩爬树、扎帐篷点篝火。</p></blockquote><h1><strong>除了脚步，什么也没有留下</strong></h1><p>下午2点，几辆大巴停靠在白马山景区入口处，130名学生分为四组，领取任务卡后，便开始了长达3个小时的徒步出行，沿途都有老师守护在旁。刚开始，这群十多岁的孩子们兴奋得大喊大叫，集体喊起了口号，唱起了歌……可没多久，就有孩子开始喊累，步伐渐渐慢了下来，满脸是汗地走到最后。</p><p><img src=""http://p3.pstatp.com/large/1dbe0003172fda8b7ac9"" img_width=""2449"" img_height=""1632"" alt=""成都一学校开新课 全校学生竟“离校出走”"" inline=""0""></p><p class=""pgc-img-caption"">点燃篝火</p><p><img src=""http://p3.pstatp.com/large/1dca000315e7523717fa"" img_width=""2449"" img_height=""1632"" alt=""成都一学校开新课 全校学生竟“离校出走”"" inline=""0""></p><p class=""pgc-img-caption"">学生扎帐篷</p><p>顶着烈日，行走在山间，对这群常年生活在城市的孩子来说，山间徒步对他们是严酷的考验。“虽然他们个个汗流浃背，也没有一个选择放弃。”</p><p>“西雅美途有个惯例：任何社会活动都应讲规则和文明，”活动中，男生的“绅士风度”也得到了展现，女生们走不动了，不少男生都主动帮女生背起了背包。</p><p>在徒步行走中，这一百多人的队伍，走过的地方，一点垃圾也没留下。有句话说：你怎样，这个城市就怎样。无论是在百公里途中，还是平时的生活，绿色环保都已刻在他们心里。本次出行同学们做到了自己的垃圾收好，路上的垃圾随手捡，饭后的垃圾清理，以及晚会前后的布置和收场都是同学们亲历亲为，“除了回忆，绝不给这片美好的土地留下任何痕迹。”</p><p><img src=""http://p1.pstatp.com/large/1dca000318a09fc428fd"" img_width=""1129"" img_height=""745"" alt=""成都一学校开新课 全校学生竟“离校出走”"" inline=""0""></p><p class=""pgc-img-caption"">参观绵阳科技馆</p><p><img src=""http://p3.pstatp.com/large/1dc4000044fb2028aa9b"" img_width=""1126"" img_height=""744"" alt=""成都一学校开新课 全校学生竟“离校出走”"" inline=""0""></p><p class=""pgc-img-caption"">乐夫营地体验攀岩</p><h1><strong>行走课堂，在任务中获得学习成长</strong></h1><p>行走课堂，是带有明确的研究任务的。出发前通过预备课堂，对目的地的历史、文化、地理等方面进行专题讲座。同时，布置研究型课题。本次行走课堂西雅美途就是让学生在任务中、比拼中，让学生获得不一样的学习成长。</p><p><img src=""http://p9.pstatp.com/large/1dc400004587e7ac87b3"" img_width=""1127"" img_height=""748"" alt=""成都一学校开新课 全校学生竟“离校出走”"" inline=""0""></p><p class=""pgc-img-caption"">爬树<br></p><p>在其中的一个关卡中，很多同学都没有注意到大门右侧有一个门型展架，唯一有一名队员，只有他过去把背着的门型展架翻过来给大家看，当带队老师问他为什么要这么做时，他只说了一句话：既然我们是来这个地方做任务，那它跟上一关肯定有雷同的地方，我想到了第一关我们是通过门型展架所了解到这个任务线索的，那这个肯定就是有用的线索。多听多看，确实值得大家学习。</p><p>三个小组到达八卦区的时候，一个小组队长拿到图形，在给队员们讲破解密码的时候，用自己的身体凹凸了各种奇怪的造型，而这位队长平时给大家的印象，他不是会做这些造型的人。但为了团队吗，他突破了自己。经历了此次挑战，同学们对于“团队”这个词又有了更深的定义。</p><p><img src=""http://p3.pstatp.com/large/1dc4000045c8a5517c8e"" img_width=""1124"" img_height=""751"" alt=""成都一学校开新课 全校学生竟“离校出走”"" inline=""0""></p><p><img src=""http://p3.pstatp.com/large/1dc8000044a44cf5cd2d"" img_width=""1126"" img_height=""751"" alt=""成都一学校开新课 全校学生竟“离校出走”"" inline=""0""></p><p class=""pgc-img-caption"">射箭</p><p>篝火晚会上，同学们争相上台表演，每个组随手都可以拿出来的才艺让现在的带队老师和当地围观的群众震惊不已。乐器演奏、唱歌、尬舞……最后，所有人围绕着篝火起舞，伴着星空，仿佛度过了一个盛大的节日。第二天一早，同学们来到绵阳科技馆，探索未知的学科奥秘。</p><p><img src=""http://p1.pstatp.com/large/1dc100003a82d30151da"" img_width=""1126"" img_height=""746"" alt=""成都一学校开新课 全校学生竟“离校出走”"" inline=""0""></p><p class=""pgc-img-caption"">扎帐篷<br></p><p><img src=""http://p3.pstatp.com/large/1dc500031a365eb5d699"" img_width=""1126"" img_height=""749"" alt=""成都一学校开新课 全校学生竟“离校出走”"" inline=""0""></p><p class=""pgc-img-caption"">参观绵阳科技馆</p><h1><strong>校方回应：学生们的行为让人震惊</strong></h1><p>西雅美途执行校长季应朗介绍，开设行走课堂，就是希望把同学们带回自然，通过游戏、手工和野外生存等户外体验，加强同学们的学习能力，提高创造力和团队协作能力。</p><p><img src=""http://p3.pstatp.com/large/1dc400004787e838ac44"" img_width=""2449"" img_height=""1632"" alt=""成都一学校开新课 全校学生竟“离校出走”"" inline=""0""></p><p>“我们为他们特别设计的课程，同学们深入大自然，体验真实的野外生存，从基础的徒步与营地建设，到颇具难度的攀岩、攀树等挑战项目，再到任务游戏与体验少数民族纳西族的篝火晚会。”季校长称，自然游戏、解放天性，寓教于乐，让同学们在欢声笑语中成长，“我们的目的达到了。”</p><p><img src=""http://p1.pstatp.com/large/1dc8000047830f5327fc"" img_width=""1126"" img_height=""746"" alt=""成都一学校开新课 全校学生竟“离校出走”"" inline=""0""></p><p><img src=""http://p1.pstatp.com/large/1dbe00031e49b2efb468"" img_width=""1126"" img_height=""750"" alt=""成都一学校开新课 全校学生竟“离校出走”"" inline=""0""></p><p>季校长坦言，学生们的表现让她很震惊，“在一个陌生的团队当中，无论是你的融入，还是来到一个陌生的环境的时候，需要你们做一件你重来没有做过的事情的时候，你的投入和你的积极参与，与你们的智慧都是我震撼的地方，这些是我们在学校课堂当中看不到的地方。”</p><p><img src=""http://p3.pstatp.com/large/1dbe00031d57085caebf"" img_width=""2449"" img_height=""1632"" alt=""成都一学校开新课 全校学生竟“离校出走”"" inline=""0""></p></div>","徒步户外运动攀岩极限运动跑步","教育","https://landing.toutiao.com/i6415754539370021378/"
"事业单位职称改革，取消不如放大“意义”",,"云南中公教育","2017-05-03 11:58:28","<div><p><img src=""http://p9.pstatp.com/large/1dc100003a071624b900"" img_width=""640"" img_height=""388"" alt=""事业单位职称改革，取消不如放大“意义”"" inline=""0""></p><p>有许多网友都这样说过：事业单位的职称，除了能拉大职员之间的工资差距，还能有什么用。的确，职称对于收入的影响太大，不单只是事业单位，就连某些企业也深受其害。而国家也在对其不对的调整修改，听说在“十三五”期间职称的评定将会改头换面。</p><p><img src=""http://p3.pstatp.com/large/1dc4000044225e725032"" img_width=""600"" img_height=""446"" alt=""事业单位职称改革，取消不如放大“意义”"" inline=""0""></p><p>在未来三年内，职称评定将会打破唯学历、唯资历、唯论文倾向、对职称外语和计算机应用能力考试不作统一要求，将以品德、能力、业绩为导向。这些改动已经值得让人心动了，但似乎也有人不愿买账。有的人这样说：只要职称不取消，受苦受累的还是一线职员。这不免有些激进，但也有不失实之处，就拿教师来说，在教师的队伍中，拿到高级职称的往往并不常常亲身施教。于此产生不平心理，也是情有可原。类似的事情见多了，听多了，我也就有了一些不成熟的想法。大家来看看是否合理？</p><p><img src=""http://p3.pstatp.com/large/1f7b00003dd44a5375ba"" img_width=""640"" img_height=""359"" alt=""事业单位职称改革，取消不如放大“意义”"" inline=""0""></p><p>其实大家对职称最大的意见并不在于如何评选，而重在高级职所带来的荣誉和被拉开的收入差距。职称初始是源于职务名称，理论上职称是对专业技术人员的技术水平、工作能力的肯定。所以什么样的技术水平就应该得到与之对应的报酬，这是公平的。就如石艺的工作者，没有时间的积累是不可能有好的作品。而如此想来，取消职称是否有点不太现实。</p><p>人的需求有两种分类，一种是物质需求，另一种是精神需求。而上述中有所提及的，职称的作用是对技术水平的肯定，可以说是一种标志。它的所带来的首先应该是精神上的意义，其次才是物质上的意义。但似乎现实刚好相反，人们更关注的是它的物质意义，精神意义被无限缩小。这样看来，以品德、能力、业绩为导向的调整措施并不无道理。</p><p>当然，以上也只是一些不成熟的思想。对于职称改革国家必定会仔细考量，无论未来发展走向如何，相信只要方向正确并为之努力，未来一定是美好的。</p><p>编：云南中公教育 零一（ynoffcn）</p></div>","教育","教育","https://landing.toutiao.com/i6415753034265002498/"
"教育资源紧张，别找“背锅侠”了",,"原创","光明网评论员","<div><p><strong>光明网评论员：</strong>近日，武汉一所“最大小学”悄然走红。1905年建校的邾城街第一小学，被4331名学生“挤”成了武汉市在校生人数最多的小学，大大超过学校能够承受的3000人极限。而在新闻措辞中，一句“随着大量农村人口进入城镇”，引人注目，似乎“外地人”“农村人口”又要为教育资源紧张“背锅”了。</p><p><img src=""http://p3.pstatp.com/large/1dc40000620525bd7121"" img_width=""650"" img_height=""320"" alt=""教育资源紧张，别找“背锅侠”了"" inline=""0""></p><p>之所以要说“又”，是因为外地人背锅已不是一天两天了。大概每隔几年，就会出现本地家长与外地家长之间辩论或骂战的新闻，在一些城市论坛里，本地人与外地人互取雅号，相互嘲讽。身份、地域、户籍，多少怒气与互撕，围绕着这些人为设置的标签而轮番上演。</p><p>受教育权，作为宪法所赋予的基础性权利，无论本地外地，何处不是宪法普照之地？教育更是关涉人身最基本权利的服务，在这种“基本”与“兜底”面前，本地与外地是有意义的争议话题么？平心而论，参与本地外地争论的这些家长们，从其争论的议题看，大多不属于可以轻而易举揽入大量教育资源的群体，不过是一个个中位数家庭，甚至是新闻里所谓的“农村人口”。教育资源紧张，却让这些群体之间互找“背锅侠”，变成普通民众之间的互撕，形成社会情绪的对立紧张，参与的人们血脉偾张，却又找错了靶子。</p><p>有媒体整理了武汉市的小学数量和小学入学人数的此消彼长：根据《武汉统计年鉴》，2003年武汉市共有小学1269所，而到了2015年，武汉市小学只有591所；但小学的招生数却在增长：2003年武汉所有小学共招生79086人，而到了2015年，武汉所有小学共招生91805人，招生数量增长16%。无独有偶，上海市2000年共有小学1021所，招生10.28万人，到了2013年，小学数量缩减到759所，招生人数却升至18.10万人。教育资源供给量的大幅缩水，才是靶子所在。</p><p>在招商引资、制造税收、创造GDP、推高城镇化率、房地产去库存、打造所谓“国际化大都市”的时候，外地人受到百般热情的欢迎，似乎从来不是问题；一旦外地人跨进门来，落地扎根的时候，享受基本服务的时候，户籍、身份、社保等，却又处处是问题。城市面貌不该如此“前恭而后倨”，更不能把负担一股脑地污名化给“外地人”。基本公共服务均等化，早就是国家三令五申的政策方向，本地与外地互撕，无疑是在与时代逆向而行。</p><p>无论本地还是外地，都是宪法上的公民，作为合法的纳税人，都有权利追求相当质量的公共服务。真正该集中精力不断追问的靶子，是如何增加教育资源的供给，增设公立学校也好、鼓励民办教育也好，如何让公共服务跟上房地产开发、城市规模“摊大饼”的速度，这些才是解决问题的关键所在。今天的中国，已是庞大的经济体，去产能、去库存已成为高速增长之后的新目标，种种过剩也成了亟待化解的难题，但却在公共服务上常年供血不足，形成种种紧张，这样的逻辑反差是让人难以理解的。</p><p>据报道，在武汉这所最大小学里，孩子们的生理需要也是被“计划”的：全校共有7处厕所，每个课间为了让4300多名学生短时间内安全上厕所，该校有班级学生上厕所安排表，哪个班级具体到哪里上厕所都做了详细分配。其实，真正该盯着安排表的是大人，教育资源的均衡，推进到哪了，具体是什么安排，是该有个清晰细致的表格的，是该有个交代的。</p><p><strong>（转载请注明来源“光明网”，作者“光明网评论员”）</strong></p><p><img src=""http://p9.pstatp.com/large/1dc5000336a4121d86a5"" img_width=""600"" img_height=""92"" alt=""教育资源紧张，别找“背锅侠”了"" inline=""0""><br></p></div>","教育","教育","https://landing.toutiao.com/i6415770606200947201/"
"国考三年来最大规模补录今起报名 九成空缺在基层","中新网北京5月3日电(记者 阚枫)今起，2017年国考补录进入报名阶段，符合条件的考生可在今日8时至5日18时之间提交调剂申请。今年国考调剂涉及2377个空缺职位，共计补录4127人，这也是近三年来，国考最大规模的一次补录。","中国新闻网","2017-05-03 12:04:08","<p>中新网北京5月3日电(记者 阚枫)今起，2017年国考补录进入报名阶段，符合条件的考生可在今日8时至5日18时之间提交调剂申请。今年国考调剂涉及2377个空缺职位，共计补录4127人，这也是近三年来，国考最大规模的一次补录。</p><img src=""http://p3.pstatp.com/large/1bca000c85f530d8c7be"" img_width=""500"" img_height=""332"" alt=""国考三年来最大规模补录今起报名 九成空缺在基层"" inline=""0""><p>资料图：2016年11月27日，2017年度国考笔试开考，图为考生走出考场。张浪 摄</p><p><strong>国考近三年来最大规模补录</strong></p><p>2017年国考共有120多个中央机关及其直属机构和参照公务员法管理的单位计划招录2.7万余人。此次国考招录从去年10月启动报名，11月27日举行了笔试。</p><p>根据中组部、人社部和国家公务员局日前联合发布的公告，“经过面试、体检和考察，有部分职位出现空缺，需要面向社会公开调剂补充人选。”</p><p>此次补录中，涉及2377个空缺职位，共计补录4127人。根据华图教育的统计，其中，中央党群机关、中央国家行政机关、参照公务员法管理的事业单位的114个职位需补录136人，中央国家行政机关直属机构(省级及以下)补录3991人。</p><p>与往年相比，这次国考补录的规模创下了近三年来的最高。</p><img src=""http://p1.pstatp.com/large/1bcc000c7f26e326dc47"" img_width=""500"" img_height=""332"" alt=""国考三年来最大规模补录今起报名 九成空缺在基层"" inline=""0""><p>资料图：2016年11月27日，山西太原一国考考点，考生排队准备进入考场。武俊杰 摄</p><p><strong>炙手可热的国考为何空缺这么多？</strong></p><p>炙手可热的国考为何在今年出现这么多空缺岗位？</p><p>华图教育公考辅导专家徐书环对中新网记者分析，近几年，国考职位要求越来越精细化，如专业、性别、基层工作经历、应届生、户籍限制等要求越来越精准，这是导致部分岗位报名人数较少，甚至出现空缺的原因之一。</p><p>徐书环还分析，每年国考都有部分考生抱有试试的心态，对国考报考不够重视，随意报考进行“练手”，笔试阶段弃考现象严重。此外，部分考生在报名时一味追求高层级职位，导致部分基层岗位、偏远地区岗位报名人数过少，甚至无人问津。</p><p>如专家所言，本次国考在报名截止之时，最热岗位的竞争接近“万里挑一”，但是也有超200个职位一直是“零报名”状态，冷热不均现象严重。此外，在国考笔试阶段，原本通过报名资格审查的148.63万人，最终参加考试的只要98.4万人，逾50万人弃考。</p><img src=""http://p3.pstatp.com/large/1bca000c85f6bdefc746"" img_width=""500"" img_height=""332"" alt=""国考三年来最大规模补录今起报名 九成空缺在基层"" inline=""0""><p>资料图：2016年11月27日，山西太原一国考考点，考生在考场外看书复习。武俊杰 摄</p><p><strong>超九成空缺岗位来自基层 国税系统空缺多</strong></p><p>这次补录，有哪些可以让考生“捡漏”的岗位？</p><p>根据华图教育和中公教育提供的统计数据，本次大规模国考补录涉及到的中央党群机关和中央国家行政机关共19个，包括中宣部、教育部、中国人民银行、人社部、国家体育总局、工信部等单位，需补录98人。</p><p>空缺职位最多的是中央国家机关直属机构(省级以下)的职位，这些补录职位中，空缺职位超过100个的11家单位，均出自各省区的国税系统，空缺最大的是四川省国家税务局，有341个职位、485个名额需要补录。</p><p>从职位层级来说，此次国考补录，县(区)级及以下职位有2222个，占比超九成。</p><p>“中央机关职位的补录，大多要求两年及以上基层工作经历，且分数线较高。基层职位是本次补录的‘主力军’，也受到政策倾斜和照顾，对于有投身基层、扎根基层意愿的考生而言，可以重点考虑这些职位。”中公教育公考辅导专家张永生分析。</p><img src=""http://p3.pstatp.com/large/1bca000c85f7dd674058"" img_width=""500"" img_height=""333"" alt=""国考三年来最大规模补录今起报名 九成空缺在基层"" inline=""0""><p>资料图：2016年11月27日，山西太原一国考考点，考生准备进入考场。武俊杰 摄</p><p><strong>哪些人能报名参加国考补录？</strong></p><p>根据官方发布的补录公告，参加本次国考补录，前提条件必须要在本次国考招录中，笔试成绩达到原报考职位最低合格分数线。</p><p>补录的限制条件还包括：调剂在公共科目考试内容相同、报考人员作答为同一类试卷的职位之间进行；参加调剂的考生只能申请一个调剂职位；申请调剂的考生应当符合调剂职位规定的资格条件和要求；申请调剂的考生公共科目笔试成绩达到拟调剂职位的最低合格分数线；已确定为拟录用人选的人员不再具有参加调剂的资格。</p><p>希望参与补录的考生可以在今日8时至5日18时提交调剂申请。网上报名考生通过报名时的用户名和密码进入调剂网页(http://bm.scs.gov.cn/sectj2017)，填报申请调剂的相关信息。非网上报名的考生，如果符合调剂条件，可以与拟申请调剂的招录机关联系参加调剂，在5月5日18:00前提交书面材料供招录机关审核。</p><p>调剂报名的资格审查时间为5月7日8时至8日18时，招录机关按照公共科目笔试成绩从高到低的顺序对报考本机关(单位)的调剂申请进行资格审查。5月9日之后，考生可以登录上述网站查询调剂结果。(完)</p>","公务员考试华图教育面试体检教育","教育","https://landing.toutiao.com/i6415569395342377473/"
"超级实用！有趣的“成语之最”，快为孩子收藏",,"致一学堂","2017-05-03 12:02:09","<div><p> ""成语""是语文学习的重要内容，很多孩子对成语的掌握能力都比较差，尤其是低年级的小学生。<span>想让孩子学好成语，最有效的办法，就是尝试一些有趣的学习方式，把知识变得有趣，让孩子在快乐中学习，学习中快乐。</span></p><p> 把成语记忆变成有趣的“成语之最”，便是既快又有趣的方式，容易理解、快速记忆。下面就是我整理的“成语之最”，家长最好收藏起来，跟孩子一起记忆。</p><p> 需要区分的一点是，""最”之说，只是为了方便记忆，与成语本身的意思还是有区别的，家长在教孩子的时候一定要点明两者的区别。</p><p><img src=""http://p3.pstatp.com/large/1dca000319bfc6f228ed"" img_width=""499"" img_height=""598"" alt=""超级实用！有趣的“成语之最”，快为孩子收藏"" inline=""0""></p><p class=""pgc-img-caption"">有趣的“成语之最”</p><p><img src=""http://p1.pstatp.com/large/1dc500031a1730fee645"" img_width=""492"" img_height=""597"" alt=""超级实用！有趣的“成语之最”，快为孩子收藏"" inline=""0""></p><p class=""pgc-img-caption"">有趣的“成语之最”</p><p><img src=""http://p3.pstatp.com/large/1dc80000451e27ad319a"" img_width=""474"" img_height=""593"" alt=""超级实用！有趣的“成语之最”，快为孩子收藏"" inline=""0""></p><p class=""pgc-img-caption"">有趣的“成语之最”</p></div>","语文升学考试教育","教育","https://landing.toutiao.com/i6415753981976379905/"
"高考失败了，我也不希望孩子你记恨我！",,"爱心家庭成长服务社","2017-05-03 12:06:16","<div><p>高三匆匆而来，又匆匆的走了，一年的光景一下子过去。</p><p>现在离高考又近了，回头看看小若你高考已是去年的事儿了，如果你发挥正常上一本是铁板钉钉上的事情，偏偏在那个时候你却高烧，妈妈怪自己没有把你照顾好。</p><p><img src=""http://p3.pstatp.com/large/1dbe00031d54a942310e"" img_width=""450"" img_height=""302"" alt=""高考失败了，我也不希望孩子你记恨我！"" inline=""0""></p><p>我想跟如今快要面临高考的孩子的父母们说声，真的不要光顾着让孩子埋头苦读，身体一定要格外的留意，多吃维生素和钙片也是很有必要的。<br></p><p>还是说回去年的事儿吧，我知道你很努力了，只是偏偏身体不争气，那么多年的寒窗苦读，只能面对着冷冰冰的分数——420分，你怎么都高兴不起来，你说“妈，我没想过会考少了将近100多分，我好难受，努力了那么长时间！”</p><p>原本都已经想好报读的学校，只能是过眼云烟，成为了憧憬。你连二本的学校都不想选了，你说你宁愿回校复读一年再考，也跟妈妈抱怨为何高考只有一次机会，从而决定了大学一辈子的走向；妈妈有跟你说过，先读个二本，未来再考个研的建议。</p><p>你说你不想，其实妈妈都懂，你已经心仪同济大学这么久了，如今梦想却怎么也成不了真的。</p><p><img src=""http://p3.pstatp.com/large/1f7b000042597a61bfb6"" img_width=""400"" img_height=""286"" alt=""高考失败了，我也不希望孩子你记恨我！"" inline=""0""></p><p>孩子，我比你更难过，看到你泪如雨下，妈妈心生疼生疼。</p><p><strong>高考本身就是这么残酷，一锤定生死，偏偏我们就是落败了，也不怨得别人。</strong></p><p>该怎么办呢？是那时我想得最多的问题，常常在夜里翻来覆去睡不着。你是多么骄傲的一个孩子，如果让你回去学校复读，你自然是愿意的，但是高考一直在改革，妈妈不知道下一年会不会有更多的变化，会不会再有这样的偶然，妈妈不敢去冒这个险。让你去读一个二本，你自然是不愿意的。</p><p><strong>这样面临着两难的局面，持续了好长时间，直到后来我听同事说可以选择去香港读两年，再升读香港的八大名校，让我看到了一丝曙光。</strong>因此，我在网上了解了很多相关的香港副学士信息，及未来升读学士学位的几率等资讯。</p><p>突然发现，这个对于小若来说刚好是契合的——香港副学士。首先，我们高考的成绩在二本，完全可以申请到香港浸会大学的国际学院；其次，在浸会大学的官网上，关于国际学院升读学士学位的升学率在82%，我对于我们小若有信心，毕竟副学士升读学士，并非是一考定终身。完全是按照在读的成绩及表现，去按照所修的学分综合核算，来决定是否能够顺利升读。这点，对于我们小若来说，就没有所谓的偶然性了，她一定能稳稳的发挥出应有的水平。</p><p>即使，我了解到了这样的信息，最终决定权还是在小若身上，要不要去读这个副学士，自己对自己的两年学习是否有信心，这一场仗也不是那么的好打，只是相对高考落败这个结果来说，香港副学士也许会是一条更好的出炉。</p><p>就为了是否报名申请香港副学士，我跟小若聊了好久，也聊了未来两年后目标是香港哪几所学校：香港大学，香港中文大学以及香港浸会大学本校的学士学位。因为确定了，这几个目标，小若显得格外的兴奋，因为这将是向更高学府冲刺的机会。</p><p>因为懂你的不甘心，所以我决定给你自己去做这个决定。<strong>最后，你做出了去香港读副学士的选择，如今你在香港浸会大学的国际学院已经读到第二年了，成绩也是一如既往的好和稳定。</strong></p><p>你说去到香港，你遇到了一个不一样的大学校园，遇到了一群同样积极奋进的同学，犹如回到了当年高三学习的状态。但不一样的是，没有任何的人去给你施压，你是自己主动的努力学习，不是为了仅仅的一次考试；你说在香港的校园里，你发现大家关心的根本不是成绩，而是集体讨论时谁的观点更新颖，谁的论证更有说服力。</p><p>如今远离了标准答案的你，也许也庆幸自己做了这样一个选择吧！妈妈想说，去到香港读副学士，你给了我一个大惊喜；即使，未来的你在升学路上如果再次失败了，我也不希望孩子你记恨我，因为这是你自己做出的选择，你应该为自己负责。</p><p>不管你的未来如何，我依然是那个无限支持和爱你的妈妈。</p><p><strong>爱心家庭成长服务社内地学子香港求学第一平台</strong></p></div>","高考香港浸会大学大学香港中文大学香港大学","教育","https://landing.toutiao.com/i6415755043445670401/"
"洋县开展影视文化进校园活动","近年来，洋县把影视教育作为学校德育工作的重要抓手，大力开展影视文化进校园活动，充分发挥优秀影片育人功能，丰富校园文化生活，不断提升学生的文化素养和审美鉴赏能力，促进学生健康成长。","陕西省教育厅","2017-05-03 12:07:10","<p>近年来，洋县把影视教育作为学校德育工作的重要抓手，大力开展影视文化进校园活动，充分发挥优秀影片育人功能，丰富校园文化生活，不断提升学生的文化素养和审美鉴赏能力，促进学生健康成长。</p><img src=""http://p3.pstatp.com/large/1e1a00076430e8d3477e"" img_width=""548"" img_height=""365"" alt=""洋县开展影视文化进校园活动"" inline=""0""><p>洋县城西小学影视教育观影现场</p><p><b>——制定影视计划，育人功能显成效。</b>每学年初，县电教中心制定影视放映计划，对放映篇目、时间、学校等作出详细安排并及时下发各学校，及时联系、协调，确保放映工作扎实有序。7年来，该县电教中心为全县100多所中小学校巡回放映优秀影片120余部，共计1400多场次，观影学生达到20余万人次，基本实现了影视教育全覆盖。</p><img src=""http://p9.pstatp.com/large/1e1a00076431859bebae"" img_width=""548"" img_height=""365"" alt=""洋县开展影视文化进校园活动"" inline=""0""><p>洋县贯溪中小开展影视教育 </p><p><b>——推荐优质影片，德育教育见实效。</b>根据不同学段学生特点，精选和放映《建党伟业》《开国大典》《国徽》《冲出亚马逊》等爱国主义影片，激发学生爱国豪情和民族自豪感，使学生更加珍惜幸福生活；《舟舟》《山子的一家》《爱在旅途》《全程高考》等励志影片激励学生不畏艰难、奋发有为、坚强勇敢；《食物中毒的预防和治疗》《农村家庭巧节电》等短片普及科学知识，强化学生的安全意识，提高防范和自我保护能力。《念书的孩子》《桔子的天空》两部讲述空巢老人和留守儿童的电影，小主人公在物质匮乏、精神孤独的命运面前表现出的坚强、勇敢让观影师生深受教育。</p><p><b>——开展影评活动，育人效果出成绩。</b>各校通过看电影，写影评、演讲赛、主题班会等活动，提升了学生审美素养。该县每学期都要举办一次影评活动，经过层层选拔优秀征文，参加县市省级评选。影评活动已举办了13期，获奖作品累计1200余篇，100余篇在省、市获奖。南街小学创作的《报复》、城西小学《我的足球梦》、青年路小学《我与和美一起走》等微电影获广泛好评。（文余亚丽；图/雍辉）</p>","建党伟业微电影高考朱亚丽爱在旅途","教育","https://landing.toutiao.com/i6415756572550496769/"
"读懂它 安慰你——给即将经历高考的父母",,"社会鲜闻","2017-05-03 12:08:30","<div><p>五一假期，公号特别选发新芽计划创始人邹悦女士的原创文章，送给在今年6月即将迎来孩子高考的家长。邹悦女士是两个孩子的母亲，她曾陪伴儿女两度经历高考，深知作为家长在高考前所面临的压力和困惑，因此奉上此文，盼望分享自己的心路历程，诚愿借此为父母们送去一些安慰和鼓励。欢迎您阅读后在后台留下您的反馈。</p><p>关于作者</p><p>邹悦</p><p>新芽计划公益项目创始人，北京尚格人力资源服务有限公司总经理。两个孩子的母亲，儿子现于澳洲墨尔本大学硕士在读，女儿2015年考入北大。</p><p><img src=""http://p3.pstatp.com/large/1dc800004a221d1e0e13"" img_width=""359"" img_height=""517"" alt=""读懂它 安慰你——给即将经历高考的父母"" inline=""0""></p><p>读懂它 安慰你——给即将经历高考的父母</p><p>写在前面</p><p>五一一过，又是人间六月天。即将迎来的，除了火热的夏天，还有一年一度的高考。</p><p>难熬。忐忑。揪心。</p><p>十二年，准确地说，十八年的时间，到这个时候要经由一场盛大又短促的考试，给出一个不留情面的答案。</p><p>高考无外乎就是三种可能，发挥失常，正常发挥，超常发挥。这三种结果，最吊诡的地方在于，它们很可能并不直接和家长及孩子的努力程度有必然的因果关系。你竭尽全力也有可能失败，你心态平和也未必正常发挥。说到底，在最后一个月里，可以改变成绩本身的可能，微乎其微。</p><p>那么，家长能在这最后一个月里做些什么？经历过儿女两次高考的我，一样曾心如沸水，坐立难安。因此，也愿在今天将那段时光中所积累的点滴感悟一并分享给大家。</p><p>（天下孩子父母情况各异，我的分享未必全面，也未必一定适用。只是经历过，所以懂得，故以一份过来人的心意，献上此文，谨希望它能为你带去一丁点的安慰。）</p><p>1、全心陪伴</p><p>回想那一个月，我最大的心得是，只要没自信到觉得自己可以翻云覆雨到在场外也能左右孩子的成绩，就踏实做好两个字，陪伴。</p><p>这一个月的陪伴，是一场父母对孩子最诚挚的告白：我愿意，我能够，我也保证一定和你在一起，共同迎接这场挑战。</p><p>临近高考的这个时段，大部分的孩子对自己的成绩，心里基本是有数的。虽然也会不抛弃不放弃，争取在最后一搏里大放异彩，但更多的，还是力争保持一种最平稳、最佳的身心状态。他们已经努力得太久，不允许也不容忍自己在这样的紧要关头掉链子。这个时候，亢奋和疲惫并存，胸有成竹和没着没落共生。说风声鹤唳并不为过。外部环境，尤其是父母给他们带去的影响，哪怕是微小的细节，很容易被放大。</p><p><img src=""http://p1.pstatp.com/large/1dbe000320d280145881"" img_width=""500"" img_height=""282"" alt=""读懂它 安慰你——给即将经历高考的父母"" inline=""0""></p><p>陪伴的艺术之一：营造沉静安定的气氛</p><p>陪伴要讲究艺术，否则不是陪伴，是添堵。</p><p>安静是第一要素。</p><p>父母的聒噪是孩子高考前最反感和抵触的。这一个月里，父母最要紧是让自己彻底沉下来。整顿衣裳起敛容。不让自己内心的动荡溢出，影响已经处在不安中的孩子。</p><p>关心则乱，很多家长毫不掩饰比孩子还严重的焦虑，动辄七情浮面。或者是一反常态的谨小慎微，或者是欲言又止的担忧挂虑。孩子在复习的时候，一遍遍去观察、打探；一趟趟进出孩子房间，一会儿送水果，一会儿问温度。今天担心他白天是不是学得太累，明天惦记她晚上会不会睡得太晚。其实所有这些，无论父母自认为做得多么不露痕迹，孩子依然很容易察觉到父母举动背后的紧张。这紧张，无疑让孩子心里增加无形的负担。</p><p>高考不仅是孩子的一场考试，更是对家长的一次考试。其中对两者都考验极大的是心理素质。家长表现出的沉稳度，是能否帮助孩子顺利度过最后阶段的关键。</p><p>孩子没乱，家长先乱，这是大忌。</p><p>说来好笑，我养成跑步健身的习惯全拜女儿和儿子高考所赐。高考前，孩子回家吃完饭马上就会回到自己房间复习功课。我知道孩子需要安静，而我也深信，那种父母明明在家，却大气也不敢出，蹑手蹑脚的状态，对孩子来说同样是一种干扰。于是，不论是女儿还是儿子高考，我都会跟他们打好招呼，换上鞋下楼出去跑步两个小时。除去无心插柳养成了运动习惯的好处以外，更要紧的是，在彼时，我把自己和他们用不远不近的物理空间隔离开来，让他们全然享受一个安静的环境，并让他们也清楚地知道，妈妈并未走远，不过是以一种保持自我的方式在同时陪伴他们。</p><p>没有刻意的牺牲声气，没有一反常态的小心翼翼，这也是一种不打扰。</p><p>满满的诚意更是陪伴的秘诀。高考时全身心的陪伴，应该是在孩子离开我们远行前，最后一次充分表达诚意和爱的机会。此时不做，更待何时？</p><p>我在女儿高考前一年就慢慢开始调整节奏。那时，几乎跟所有的人际关系都打好招呼，包括商业上的合作伙伴和亲朋好友，我说女儿要高考了，非常抱歉，我可能会停掉所有的应酬来往。</p><p>兹事体大，我是要用这样一种特别隆重的方式提醒自己打足精神，严阵以待，真正做好特别的陪伴。每天无论白天多么忙，有多少糟心的事儿，我尽量让自己保证按时下班，收拾心情，回家洒扫庭除，让家里处处都整洁有序。也一定会精心备好饭菜和孩子爱吃的水果。无他，就是想让孩子放学回到家的时候，从进屋的那一刹那就能感觉到专属于他/她的家的氛围——一个舒适干净又美丽有序的环境 ，一个早早等待在家温暖有爱的妈妈，一个可以完全放松身心，洗去疲惫的港湾。我坚信这是孩子需要的，也可以帮他们重新注满能量。</p><p>温和平静的父母，会给孩子带去特别神奇的安抚和温暖。那些既尽心又不高调的照顾和准备——可口的食物，干净的床单，安心的笑容，沉静的话语，不时的笑话，得宜的鼓励，甚至特别亲密的爱抚，拥抱、拍肩，都可以适度地传达父母满满的爱和支持。</p><p>父母流露出的沉静安定的气场，不仅会让孩子有无比的安全感，也会让他们在毫无经验面临人生第一回重大关口的时节，在父母身上学习到最要紧的一课：从容应对——天塌不下来，即便天塌下来，转身爸妈就在那里和我一起面对。</p><p>陪伴不就是通过各种方式让孩子心安么？有安全感的孩子，一定会更心无旁骛地投入在准备中，做好自己的本分。</p><p>陪伴的艺术之二： 屏蔽负面评论，克制表达期望</p><p>女儿在事后回忆高考的时候，曾不无调谑地说起我对她的帮助，“更高一级的，就是帮我放松，或者说在我休息的时间想办法让我更放松，具体方法：水果洗好切块端到面前，晚上泡脚，睡前按摩，督促作息规律，灌输'考不好没关系，高考不重要，学习是一辈子的事'这种思想。总结起来就是像伺候残疾人那样伺候高考生。” </p><p>其实，这戏谑的话语背后传递的另外一个信息是，孩子除了需要爱，更需要一份来自于父母的无条件的接纳。即，无论我考得怎样，希望你都不会怪责我，不会对我失望。</p><p>在女儿这看似有些撒娇无赖的俏皮话里，我读懂了她以及和她一样面临高考的孩子的内心。这些可亲可爱的孩子，在以一己之力去面临人生中这第一次的重大关卡时，也同时在努力承担着挚爱父母的期望。他们不止是怕让自己失望，更是怕让父母失望。</p><p>他们要的就是一句话，“孩子，不要怕，怎样都好，我们只需尽力。”</p><p>所以此时应该尽量克制对孩子表达任何期望，屏蔽掉一切有关无关的对孩子的评论。明智的父母不会在最后冲刺的阶段对孩子喋喋不休，只有存心想搞砸孩子高考的父母，才会没完没了不失时机地灌输各种期望和评论。</p><p>已经在负重前行的孩子，哪里还背得下父母沉甸甸的期望？</p><p>期望，它从来就不应该是一种口头的表达。空口白牙描述对孩子的种种期待，难道它们就能自然变成现实吗？没有实际帮助的期望，是不负责任的臆想，除了给孩子徒增烦恼，别无它用。</p><p>求仁得仁，这个道理，家长应该想在前头，也做在前头。高考前这段时间，千万还孩子一个清净。</p><p>2、充分准备</p><p>除了陪伴，我个人觉得，父母在高考前还需要切实通过沟通，了解孩子的长板和短板，倾听他们面对高考时的困惑，并在此基础上做好充分积极的准备。</p><p>父母基于平素观察的积累，是对孩子能力做出准确预判的基础；父母根据沟通中对孩子心声的倾听，则是对孩子做出场外支持的前提。</p><p>孩子成绩在什么水平？大概能考上什么样的学校？考前再往上蹿一蹿的可能性有多大？通过哪些方式方法可以帮助他们在高考时有更多的选择？孩子对将来学校、专业和职业选择的期许是什么？他们需要什么样的指导和意见？高考成绩不理想有哪些旁的路可以去走？高考是否是他们唯一的出路？</p><p>凡此种种，在备考前，都需要父母深思熟虑，身体力行。 </p><p>准备的策略：准确预估 科学应对</p><p>家长应该基于对孩子充分的了解和沟通，帮助他们大胆取舍，通过更科学的方式备考，从而激发出最佳的应考状态。</p><p>我的女儿是一个极其独立，聪慧和严谨自律的孩子。她一贯的成绩，老师、我和她心里其实都有数，离清华北大差那么临门一脚的距离，也就是，拼一拼，完全有实力跻进一流大学。不失手的话，上重点也没有问题，只是会有遗憾。我清楚她的实力，也因此不希望她和进顶级大学的机会擦肩而过。</p><p>要说起来，两年前通过参加北大夏令营这样的方式，女儿就已经开始在为高考做准备了。报名参加这样的活动，我无非是期望她亲身接触北大清华等一流的高校，早早埋下心志的伏笔。套用年轻人喜欢的韩寒的一句名言，你连世界都没观过，哪儿来的世界观？必须得眼见为实了，才会心有所属，心生向往。</p><p>高三春节前后，我做了一个大胆的决定，让孩子放弃学校按惯例为高三学生组织的寒假集中补课，改而参加各大一流院校的特长生考试。女儿学了十年的乐器，如果利用这个特长去争取到更多一流学校的降分政策，在我看来，远甚于去学校参加对她的成绩提高并无太大作用的普通补课。</p><p>当时给女儿报了四家重点高校的特长生考试，包括清华。很快，女儿在一家天津学校的特长生考试的过程遭遇滑铁卢。但细想想，这样考试的经历，让孩子提前约略地领会一下失败，绝对不是坏事。绷得过紧又毫无任何经验地去到真正的考场，对高考的孩子是一次极大的挑战。女儿的几场特长生考试下来，是一个脱敏的过程。一方面可以通过多年的音乐特长，切实去争取到一些降分政策。最要紧的是，临阵狠狠地磨了几次枪后，上场心里就不会太慌。</p><p>孩子之后跟我说，“特长生（比如乐器）考试，它不仅仅考特长（演奏乐器），也有文化课考试（语数英），这种文化课考试多参加对高考有好处——在一个陌生教室，周围坐着陌生人，考一些新题型——等我最后高考时，拿到卷子的一瞬间，我真的就觉得，这考试跟我之前参加的那些没啥区别嘛！” </p><p>孩子的这番感悟让我欣慰，我深信后面这样的磨炼对她大有裨益。通过这样高紧张度，高仿真度的考试，极大丰富了她临场的经验，增强了她考试中抗压的能力。</p><p><img src=""http://p1.pstatp.com/large/1f7b000043a10ff2cb0f"" img_width=""500"" img_height=""262"" alt=""读懂它 安慰你——给即将经历高考的父母"" inline=""0""></p><p>女儿最终以695分的成绩考进北大，虽然没有用到特长生考试的优惠政策，但我相信那些考场中的经历对她收获北大录取通知功不可没。</p><p>准备的内涵：人生是场马拉松</p><p>孩子和孩子是不同的。时至今日，我很笃定一件事情，人生是场马拉松，不要因为起跑的顺序和速度去论断孩子一生的发展。</p><p>个人觉得，在高考前，父母一定要充分了解自己孩子的特质，并也深深相信他们有无限的潜力。并不是所有的知其不可而为之都是明智的。如果父母尊重孩子的个体差异，俯下身来倾听孩子的心声，真正了解他的想法，完全可以找到更好的途径，协助他们做出清晰的自我规划。条条道路通罗马，天生我材必有用。我们需要对此有特别深刻和清醒的认知。如果只是因为面子，非要随波逐流，罔顾孩子的特质，越俎代庖，无端为他设计一条所谓主流的发展路线，是极不妥当的，也一定会承受苦果。</p><p>无数事实证明，当孩子找到适合自己的路径时，因自我驱动而激发出的力量是无比巨大的，且因此，这一类的孩子能对自己有更清晰的自我认知，对人生也更有明确的理想和目标。</p><p>和女儿相比，儿子当年高中的成绩并不太理想。我很清楚以他当时的状态，在高考中一鸣惊人的可能不大。而他的应试成绩，在国内没有办法读到很好的学校。我不甘让这种考试体制的现状框定他一生的发展，因为我坚信他身上还有无穷的潜力可以通过别的形式去挖掘和发挥。于是在高二的那一年，我开始去咨询出国留学的事情。经过多方的比较，儿子和我们商定去申请澳洲的大学。虽然方向明确了，但依然有很长的路要走。而且有一点我们都是确定的，即一定要在国内完成高考。这是一次完整的经历，也是一次极好的锤炼。</p><p>在高三寒假后的那个学期，从春节到3月下旬，儿子参加了新东方的雅思学习班。因为设定了清晰的目标，他也有了十足的主观动力和强烈的学习热情。那段时间，他明显变了个人似的，全身心地投入在准备中，雅思考试结束后，他也丝毫未松懈地继续备战高考。</p><p>看到他那种自发的学习状态，我庆幸我做对了。我知道，这事儿，成了。</p><p>儿子考过了雅思，并在那年的8月去澳洲读了一年预科，然后经过自己的努力，被墨尔本大学录取，而且申请的是自己喜爱的兽医系。</p><p>我特别感恩，因为看到儿子在有了自己的梦想后，这一路都在全力以赴；我也特别庆幸，因为当初我对他的判断是准确的，我更没有轻易放弃找寻更好的途径去帮助他走得更远。（说到底，留学只是途径之一，还有无数其他尊重孩子内心和潜力的途径，我们都不应该轻易放弃尝试。）</p><p>如果把人的一生比拟成一场电影，镜头拉长到孩子的一生，我们会发现，高考实在不过只是有特殊意义的无数幕场景之一而已。每年的6月，给完这个事件一个充分的特写后，我们就该拉起摇臂，看看后面的风景了。</p><p>我之前做得好吗？我喜欢什么？擅长什么？我是否有清晰的目标？我能否向这个目标竭力奔跑? 我将来要成为一个什么样的人？我这一生的意义在哪里？——如果孩子经过了高考，开始有这样的反思，他就永远不会浑浑噩噩，他也才会在接下来四年甚至六年、八年的大学生涯，真正开始有自发的动力朝理想行进。</p><p>当一个人有了真正清醒的自我认知，他将会是一个终身的学习者。这样的人，无论出发早晚，他始终会在路上。</p><p>“我觉得高考根本不像一个考试，是一个人生中的时间节点，提醒你该去规划未来了，开始考虑自己以后要干什么，甚至反思自己和周围环境的状况，思考要做什么样的人，等等。” ——女儿</p><p>关于准备的小结</p><p>如果非要打个比方的话，我愿意把自己比作一个教练，针对不同潜质的选手，有不同的训练策略。女儿像爆发力强，速度惊人的短跑运动员，她一路极速狂奔，绝对不能在最后冲线的时候慢下来，必须要保持高昂的斗志和十足的激情。我所做的，是帮助她在高考前那一截短短的冲刺路程中，激发出最强大的潜能，一举夺冠，直捣黄龙，直接在那个基点上进入到最高的平台。</p><p>而我的儿子，更像温和的长跑运动员，他并不一定要急于在某个点上刹那取胜，而是准备好打持久战。我应该做的，是一路陪伴，不停为他加油鼓励，给予他需要的帮助和支持，直至目睹他绽放独有的光彩。我一直试图告诉他，这场考试对他远非终点，他更重要的人生经历将会在之后18-22岁徐徐铺开。事实上，儿子进入墨尔本大学后，在本科的几年中，一直毫不松懈，在去年年底通过了极难考过的本校硕士直升考试。</p><p>3、父母的收获</p><p>对于家长来说，在临近高考前这一个月里，是父母打点全副身心陪伴孩子，倾听、理解和支持他们共同度过考试的一次经历；是和孩子重新建立关系，享受彼此无间亲密的绝好机会；也是父母借着自我省察和回顾进行的一场身心灵整理，一次弥足珍贵的自我成长。</p><p>无论之前我们是否已经尽力，现在都可以是新的开端。也许曾经我们疏于照顾孩子，也许我们和孩子的关系一度非常紧张，彼此心灰意冷；也许我们用错过力量，努力错了方向。但借由这样一次高考，我们放下自己的身心，认真反思我们和孩子这么多年的相处，看看我们曾经在哪些地方从孩子的生活中缺失，又在哪些地方给予过他们力量。让我们扪心自问，在最后这一个月当中，我们究竟是看重成绩，还是看重孩子，是在意他一时，还是放眼他一世？我们是否可以真正地做到尊重、了解和爱惜他们，和他们一起面对这样重大的挑战？更是否可以让他们深信，无论结果怎样，等候在一旁的我们都会给他们一个安心又温暖的拥抱？</p><p>当我们放下所有顾虑，尽情陪伴孩子的时候，通常会有美好的收获。</p><p>我还记得高考时，几乎每晚女儿都会爬上我的大床趴下，我也随即心领神会开始给她按摩后背。并不需要过多话语的交流，只在这一推一按的时光之间，她心安理得享受着母亲的宠爱，我默默无言沉浸于和女儿的亲密。那段义务按摩师的经历，始于一个妈妈下意识的责任和爱，最终却让我重新习惯了家人之间的肢体接触。高考过后，我甚至在散步时自然而然挽住了先生的胳膊，而那是我久已生疏的表达爱和依赖的方式。不论是无心插柳养成的跑步习惯，还是因为和女儿耳鬓厮磨重拾回来的亲密，这都是高考前那段时光馈赠给我的美好的礼物。</p><p>从高考开始，父母和儿女之间，迎来的是一场渐行渐远的开始，充满欣慰也常带着怅惘。那些曾经在咿呀学语时，离了我们半步就要哭闹的孩子们，那些曾经以为父母就是世界全部的孩子们，在经过这场考试后，即将要离开我们，开始属于他们自己的远行了。无论我们有多少不舍，不放心，他们终将要以一个成人的姿势去拥抱这个充满不可测的世界。</p><p>所以，亲爱的父母们，让我们用好这最后一个月的宝贵的时光。请一定相信，在这样的过程中，我们得到的远会比付出的要多。</p><p>让我们把残酷的高考，变成一次温情的历险。整顿好我们的身心，用爱和尊重陪伴我们的孩子，帮助他们做好各样的准备，见证他们经历这场特别的洗礼，也一同跟随他们重新上路，继续出发。</p><p>一切，只不过是大幕刚刚拉起而已。</p><p>好戏，还在后头。</p></div>","高考大学北京大学雅思墨尔本大学","教育","https://landing.toutiao.com/i6415755618551857666/"
"临沂一中南校区2016级班主任这样对学生说",,"牧野尘缘","2017-05-03 11:57:24","<div><p>班主任是学校教育的具体组织者、实施者，教学工作的协调者，更是班集体的培育者。为了有效地促进班主任工作，分享工作中的点点滴滴，南校区2016级举行了五期班主任论坛。</p><h1>班主任这样说：</h1><p> 在班级管理中，我秉持自立、自信、自管、自主、自觉、自强的理念，引导学生把自己降到零点，踏实前行，同时相信自己是优秀的，从而把优秀当成一种习惯。在学生的自我管理中，引导学生去按规则、守规矩，按程序、找方法地高效做事，以期养成良好习惯，获得全面发展。我告诉学生，你们是优秀的，已经无需见证！我期望，你们是会思考的芦苇，有飞翔的冲动，就不要爬着！我们要把亲人的目送、询问、扶助留在心田，与同学结伴，与老师同行，徜徉浩瀚书海，行进在新的路上。</p><p>——高一、1班 王庆胜</p><p> 在班级管理中，班主任必须从改变学生和自身的思想认识开始，时刻要求自己公平公正的对待每一个学生，同时，放低自己的心态，尊重学生的正确选择，倾听学生的心灵之声，观察学生的言谈举止，谨言慎行的对待学生的错误，把学生当做一个平等的人、自己的家人来对待，不仅要再学习中给与指导，更要在生活中给与关怀和帮助。进步是双向的，学生的成长也意味着我作为班主任自身的成长，将学生培养成社会所需要的、有社会责任感的人，这是我长期为之不断奋斗的目标。</p><p>——高一、2班 吴 杨</p><p> “共同成长，感谢有你”。班级常规建设主要有班委的培养，小组合作制，值日班长制，小先生制。以“用心了解学生，全面了解学生”为基础进行班级建设。关注学生的心理问题，及时和家长沟通。总结工作中的不足之处，共同成长。起初因缘相聚，未来用心陪伴是对自己工作的一个期盼。</p><p>——高一、3班 史雪霖</p><p> 我的班级工作目标是：建设完善的班级制度，和蕴含教育力量的班级文化，做有人情味的班集体，过值得回味的高中生活。班级管理方面要人人有事做，事事有人做。班主任要注意去发现一些预见性的问题，要学会离场管理。班主任更要努力改变自我。</p><p>——高一、4班 刘青峰</p><p> 围绕 “用爱、用心建设班级”，主要分为两部分内容：“用爱教育”和“用心了解和建设”。用爱教育是贯穿整个过程的主线；用心了解主要从五方面进行：课上表现、平时出其不意、与任课老师沟通、与家长沟通、活动表现。用心建设班级主要从以下四方面做起：班级常规建设、推行值日班长制、建设自治班级、推动小组合作学习，从硬件到软件来用心建设班级。虽然过程中，有时会想要放弃，但是学生毕竟是孩子，需要我们用爱和用心去对待。</p><p>——高一、5班 邢庆媛</p><p> 听完董艳老师的班主任论坛发言，在佩服她语言表达能力强的同时，深深感到要多读书，多学习。从之前班主任论坛的交流中，我学会了“小先生制”并在班级推广，学生们收获非常大。根据自身的实际情况，我认为在班主任的“离场管理”中，选一个好的班长非常重要，同时，还要注意在班级树立规矩意识，在重要的关键时间点上，同样也要靠班。</p><p> ——高一、6班 张大鹏</p><p> 教育是需要期待的，它是一种固守，一种耐心，是一份信任和一份宽容！我很感性，经常为学生的行为而感动，经常为学生的成长而幸福。教育工作本就繁杂、琐屑、艰辛，班主任工作更是如此。但是，既然当了，就要承担，既然做了，就应努力做好——承担的前提，是让自己强大，做好的前提，是让自己不断成长：所谓成长，就是让自己变得更好，更值得学生亲近、喜欢与敬重。</p><p>——高一、7班 董 艳</p><p> 面对教学和班级管理，应当怎么做呢？第一要以“勤”字为先。做教学工作，不仅要勤于备课、上课，更要勤于抓课后落实。做班主任工作，更要勤抓班级管理。第二要以“严”字当头。一支军队要想有战斗力，首先要有严明的纪律。第三要注重细节。一些不起眼的小细节甚至会对班级管理工作起到决定性的作用，细节决定成败。第四要注重工作的方式方法。单纯的打压不仅不能解决问题，甚至会激起孩子的逆反心理。应该带着欣赏的眼光去看待孩子的问题，循序渐进，引导为主。我们要追求工作中的幸福，而幸福来源于学生，幸福来源于和谐的团队。</p><p>——高一、8班 侯 迪</p><p> 围绕 “在学习中成长”，主要从班级的各项制度建设和全面了解学生两个方面介绍。班级制度主要有小组合作制、小先生制、值日班长制以及定期评奖评优制度，对每项制度的形成以及实行的意义做了详细的介绍。通过日常观察、个别谈话以及与家长的交流沟通来实现全面了解学生，践行年级倡导的“不抛弃、不放弃、不放弃每一个学生”。</p><p> ——高一、9班 谢芳 </p><p> 班主任工作任重而道远，必须有宽厚博大的胸怀，细致入微的心理，远大时尚的眼光，紧紧抓住爱、勤、导三个要素，创造性地劳动，使学生在德、智、体、美、劳几方面全面发展，成为适应新时代的各种人才。班级工作中，只有勤于付出，实现价值，才能收获幸福与喜悦。在教育之路上，我们任重而道远。</p><p>——高一、10班 柏庆平</p><p><img src=""http://p3.pstatp.com/large/1dc400004268526ea827"" img_width=""900"" img_height=""600"" alt=""临沂一中南校区2016级班主任这样对学生说"" inline=""0""></p><p><img src=""http://p3.pstatp.com/large/1f7b00003ad1b656fb4d"" img_width=""900"" img_height=""600"" alt=""临沂一中南校区2016级班主任这样对学生说"" inline=""0""></p><p><img src=""http://p1.pstatp.com/large/1dbe000317a043474a8c"" img_width=""900"" img_height=""600"" alt=""临沂一中南校区2016级班主任这样对学生说"" inline=""0""></p><p>雨果说：“世界上最广阔的是海洋，比海洋更广阔的是天空，比天空更广阔的是人的灵魂。”教师是塑造人类灵魂的工程师，而班主任是战斗在这一阵地最前沿的战士，是一班之魂。此次班主任论坛的成功举行，让班主任、副班主任老师受到了极大的熏陶和感染，取长补短，并结合自己的实际探索适合自己班级管理的新路子，从而使教育工作更加有利于学生的成长。</p></div>","张大鹏教育","教育","https://landing.toutiao.com/i6415752756442694145/"
"鸣山中心小学来鹤湖学校参观交流","九江新闻网讯（邵曼莉）4月27日，都昌县鸣山中心小学陈校长一行6人，到鹤湖学校了解运动场建设与管理维护等方面情况。副校长冷飞及相关人员热情接待了来宾们并陪同参观交流。","九江新闻网","2017-05-03 12:00:00","<p>九江新闻网讯（邵曼莉）4月27日，都昌县鸣山中心小学陈校长一行6人，到鹤湖学校了解运动场建设与管理维护等方面情况。副校长冷飞及相关人员热情接待了来宾们并陪同参观交流。</p><img src=""http://p3.pstatp.com/large/1e1a0007662e9c359566"" img_width=""550"" img_height=""733"" alt=""鸣山中心小学来鹤湖学校参观交流"" inline=""0""><p>来宾们首先参观了学校校园文化建设，随后，来到运动场细致地了解塑胶跑道和人工草皮等设施，并观摩了初中部阳光体育大课间活动，来宾们对学校体育工作的开展给予了高度评价。</p><img src=""http://p1.pstatp.com/large/1ccb0007a9b6af50125e"" img_width=""550"" img_height=""733"" alt=""鸣山中心小学来鹤湖学校参观交流"" inline=""0""><p>学校运动场是具有塑胶跑道和人工草皮的标准化运动场，是学校开展体育教学、课外活动、运动队训练、体育竞赛的场所。学校领导高度重视体育教育，先进的体育设施建设为加强学校体育教育奠定了良好的基础，也得到了上级部门及学生家长的一致好评。</p><img src=""http://p3.pstatp.com/large/1e1b00077bb8b5c43b9e"" img_width=""550"" img_height=""412"" alt=""鸣山中心小学来鹤湖学校参观交流"" inline=""0""><p>此次交流，来宾们对鹤湖学校的快速发展和取得的成绩高度赞赏，特别是对眼前高起点、高规格、高品质的校园建设赞不绝口，同时，活动也进一步扩大了鹤湖学校的影响力，提高了该校的知名度。</p>","教育","教育","https://landing.toutiao.com/i6415757131131126273/"
"商洛全面推进中小学校责任督学挂牌督导创新县工作","2016年4月，《陕西省中小学校责任督学挂牌督导创新县（市、区）实施方案》印发后，商洛市高度重视，迅速抓好贯彻落实，市教育局、市政府教育督导室联合印发了《商洛市中小学校责任督学挂牌督导创新县（区）实施方案》，明确了督学责任区划分、人员配置、经费标准等工作要求，各县区及时跟进，全面启动了全市中小学校责任督学挂牌督导创新县工作。","陕西省教育厅","2017-05-03 12:09:29","<p>2016年4月，《陕西省中小学校责任督学挂牌督导创新县（市、区）实施方案》印发后，商洛市高度重视，迅速抓好贯彻落实，市教育局、市政府教育督导室联合印发了《商洛市中小学校责任督学挂牌督导创新县（区）实施方案》，明确了督学责任区划分、人员配置、经费标准等工作要求，各县区及时跟进，全面启动了全市中小学校责任督学挂牌督导创新县工作。</p><p>目前，已有5个县区政府办印发了《中小学校责任督学挂牌督导创新县工作实施方案》，成立了由政府分管县区长任组长，县区政府办分管领导、科教局长任副组长，县区人社、编办、财政、教育督导等部门主要负责人为成员的责任督学挂牌督导工作领导小组。完善了相关制度，建立了挂牌督导责任区制度、责任督学管理制度、责任督学督导制度、领导小组定期议事制度等。结合督学换届工作，选聘了责任督学，并为每位督学配发了督学证和《督学工作手册》。各县区根据行政区域等实际分别划分了若干督学责任区，设置了责任区督学办公室，落实了督学责任区工作经费。商州区、镇安县责任督学扎实开展“一月一主题、一月一督导”活动，实现了督导工作常态化；山阳县制定了责任督学 “十个一”工作任务要求；丹凤县召开了责任督学挂牌督导创新县工作推进会；柞水县科教局将中小学校责任督学挂牌督导创新县创建工作纳入对学校年度目标责任考核体系，列为重要督办事项，建立了月检查、季通报、半年评比、年度考核机制，确保各项工作任务落到实处。</p><p>该市计划通过2-3年努力，使全市7县区全部达到省颁评估验收标准，并有2-3个县区创建为国家中小学校责任督学挂牌督导创新县区。</p>","教育","教育","https://landing.toutiao.com/i6415756615646970370/"
"山东扩大普通本科高校综合评价招生试点有十所高校","水母网5月3日讯（记者 张奕 通讯员 李纪超）近日，山东省教育厅发布了《关于做好2017年普通本科高校综合评价招生试点工作的通知》，决定在2016年试点经验的基础上，稳步扩大综合评价招生规模，确定增加浙江大学1所招生院校。目前，全省普通本科高校综合评价招生试点学校共有10所：山东大学、中国海洋大学、中国石油大学（华东）、哈尔滨工业大学（威海）、青岛大学、山东师范大学、山东科技大学、青岛科技大学、山东财经大学、浙江大学。","水母网","2017-05-03 11:48:03","<p>水母网5月3日讯（记者 张奕 通讯员 李纪超）近日，山东省教育厅发布了《关于做好2017年普通本科高校综合评价招生试点工作的通知》，决定在2016年试点经验的基础上，稳步扩大综合评价招生规模，确定增加浙江大学1所招生院校。目前，全省普通本科高校综合评价招生试点学校共有10所：山东大学、中国海洋大学、中国石油大学（华东）、哈尔滨工业大学（威海）、青岛大学、山东师范大学、山东科技大学、青岛科技大学、山东财经大学、浙江大学。</p><p>2017年报考条件为：已经通过山东省夏季高考报名并符合试点高校具体报考条件的考生均可报考综合评价招生，10所试点高校已经对学生社区服务、社会实践经历、研究型学习情况和自主选修学分学习情况等提出明确要求，具体要求见高校招生简章。考生可根据本人情况和高校要求自主报考，如实提供相关报考材料，并对其真实性负责。</p><p>报名流程为：符合报名条件的考生请登录阳光高考平台（http://gaokao.chsi.com.cn/），点击进入“综合评价招生”端口进行网上报名，报名截止时间由试点高校自行确定，但最晚要在5月15日前完成报名工作。网上报名成功后，考生要按照试点高校的要求上传报名申请材料。试点高校于5月20日前，在教育部阳光高考信息公开平台公示通过初审入围学校考核的名单。</p><p>试点本科高校综合评价招生，是按照高校人才培养目标和选拔标准，依据考生统一高考成绩、高中学业水平考试成绩和学校考核，按比例形成综合成绩择优录取学生的一种多元评价招生录取方式。</p><p>2016年，山东省省域内的山东大学等9所本科高校首先进行试点。试点高校在形成综合评价招生综合成绩时，采取统一高考成绩、高中学业水平考试成绩和学校考核成绩的占比由招生高校自主确定的形式，但统一高考成绩的占比不能低于50%，这样既给予高校更大的自主权，利于高校根据办学定位和专业特色选拔适合培养的学生，又有利于发展学生特长，打破了“一把尺子选才”的局限性，实现全省考试招生模式改革的重要突破。2016年最终录取考生629人，基本完成了预期目标任务。</p>","高考大学浙江大学升学考试教育","教育","https://landing.toutiao.com/i6415752060246950402/"
"《光明日报》刊登我校党委书记葛世伦地方高校“新工科”建设访谈",,"盐城工学院","2017-05-03 11:54:45","<div><p><span>地方高校“新工科”建设如何革旧出新</span></p><p>——访盐城工学院党委书记葛世伦</p><p>“新工科”近来成为教育界关注的热点话题和我国高等工程教育改革的方向，其建设发展需要工科优势高校、综合性高校和地方高校三方共同发力，其中，地方高校最重要的职责在于为区域经济发展和产业转型升级提供支撑。按理说，这是地方高校长期以来坚持的办学定位，那么“新工科”建设要解决什么“旧”问题，又如何“出新”？记者日前采访了盐城工学院党委书记葛世伦。</p><p>“‘新工科’的‘新’就是要培养主动适应新技术、新产业、新经济发展的卓越工程科技人才。”葛世伦告诉记者，伴随高等工程教育改革，学校长期以来探索出的卓越工程人才培养新路径与“新工科”建设思路不谋而合，现在可以说是进一步延续和深化。</p><p>首先，“专业的对接要做到因时而动”，就是问地方产业需求建专业。2005年，盐城工学院针对盐城制造业向中、高端发展，依靠建材类学科专业优势，在机制类专业设置制造业数字化、模具设计方向，2011年起，面向盐城汽车、环保、海洋等战略性新兴产业建设，新增能源与动力工程、物联网工程、海洋科学、新能源材料与器件等20个新专业。</p><p>其次，“企业的对接要做到积极开放”，就是重视引入市场化力量推进产教融合。学校将盐城的汽车、环保等产业领域多家企业汇聚起来，先后创立了一系列学院，如与江苏悦达集团联合成立盐城悦达汽车学院，与盐城国家级环保科技城合作共建盐城环保卓越学院等。在这些学院，学校和企业共同审定人才培养方案、合作编写教材，企业常年提供顶岗实习“预就业”岗位，参与学生评价考核。</p><p>最后，“知和行的对接要做到真正落地”，就是注重提高学生工程实践和创新能力。学校要求工科实践课时比例增加到总学时的35%。实施企业学业“双导师”制，学业老师被派到企业参与技术改造、项目设计和产品研发，提升实践创新能力，优秀的企业工程技术人员则聘为兼职教师，走进课堂为学生上课。“课堂与工作的无缝对接，使学生练就了解决实际问题的本领，也逐渐培养出一种企业家精神。”据统计，盐城环保企业的老板，很多都毕业于该校，毕业生在地方就业的比率逐年攀升。</p><p>我国拥有世界上最大规模的工程教育，工科在校生约占高等教育在校生总数的三分之一，“新工科”建设事关未来工程教育人才培养质量，相关院校将大有作为。葛世伦坦言，作为地方工科院校，充分发挥工程教育在师资队伍、实践平台、行业协同等方面的优势，更大程度地实现学校与地方经济社会发展的“同频共振”，应当成为自身的价值取向和目标定位。</p><p>（本报记者 郑晋鸣）</p><p>http://epaper.gmw.cn/gmrb/html/2017-05/03/nw.D110000gmrb_20170503_7-06.htm?from=singlemessage&amp;isappinstalled=0</p><p>中国青年网：http://news.youth.cn/jsxw/201705/t20170503_9646137.htm</p><p>中国社会科学网：http://www.cssn.cn/jyx/jyx_xzljy/201705/t20170503_3506091.shtml</p><p>中工网：http://edu.workercn.cn/196/201705/03/170503084437577.shtml</p><p>搜狐网：http://www.sohu.com/a/137880985_115423</p><p><img src=""http://p3.pstatp.com/large/1dbe000318c21e1a38aa"" img_width=""1022"" img_height=""696"" alt=""《光明日报》刊登我校党委书记葛世伦地方高校“新工科”建设访谈"" inline=""0""></p></div>","大学环境保护能源HTML经济","教育","https://landing.toutiao.com/i6415752050654577153/"
"全国初中英语教师教学 基本功大赛举行 哈市113中张艳宇荣获一等奖","来源：东北网教育 2017-05-03 11:48 记者：吴娜 朱莉","东北网","2017-05-03 11:48:00","<p>来源：东北网教育 2017-05-03 11:48 记者：吴娜 朱莉 </p><p>生活报5月3日讯 日前，第11届全国初中英语教师教学基本功大赛暨教学观摩研讨会在宁波市举行，来自全国各地的29位优秀教师进行了现场课堂教学大比拼。哈市113中学青年教师张艳宇作为我省唯一参加此次大赛的选手，获得全国初中英语教师教学基本功大赛一等奖和“最佳课堂组织奖”两项殊荣。</p><p>据了解，本届大会的主题是“夯实初中英语教师语言和教学基本功，提高初中英语课堂教学效益”。本次大赛采取现场抽签确定比赛课程的形式，限定24小时准备时间。张艳宇老师抽中一节阅读课，经市区教研员的专业指导和113中学教师团队的共同协作，将课程设计思路确定为通过阅读材料，激活学生思维，让学生在阅读中被老师设置的情景所吸引，阅读过程伴随着深度思考，可使学生锻炼思维能力，进一步提升学识素养。张老师良好的课堂把握，让整节课流畅自然，得到了与会专家和参赛评委的一致好评。</p><p>（编辑：王蕊）</p><p>您当前的位置 ： 教育频道</p><p>黑龙江东北网络台版权所有</p>","吴娜升学考试教育","教育","https://landing.toutiao.com/i6415751995667251713/"
"遵义桐梓：十三名中小学老师被评为省级骨干教师",,"娄山关","2017-05-03 11:54:53","<div><p>根据《省教育厅办公室关于对省级骨干教师进行考核认定的通知》（黔教办函〔2016〕124号）精神，对“十五”、“十一五”期间认定的中小学省级骨干教师进行考核。经过省教育厅组织专家组的考核</p><p>桐梓这13个老师</p><p>最终确定为贵州省中小学省级骨干教师</p><p>赶紧来看看名单</p><p>↓↓↓</p><p><span>姚鸿章——桐梓县坡渡镇中心学校办公室</span></p><p>谢均燕——娄山关镇中心学校</p><p>娄小明——桐梓县第四中学</p><p>杨信刚——第五中学</p><p>杨兴满——桐梓县教育局</p><p>温兴辅——桐梓县新站镇中心学校</p><p>张 鹏——桐梓县思源实验学校</p><p>王佳秋——娄山关镇中心学校</p><p>江君龙——桐梓县第二高级中学</p><p>王开芳——娄山关镇逸夫小学</p><p>犹明绪——桐梓一中</p><p>于天智——桐梓县第四中学</p><p>文代铭——桐梓县教育局教研室</p><p>这些优秀的人民教师</p><p>兢兢业业、脚踏实地</p><p>用一支粉笔担起祖国的教育事业重任</p><p>为他们点ZAN！！</p></div>","升学考试教育","教育","https://landing.toutiao.com/i6415752110071087618/"
"活久见！苏州园区招聘：园区公安分局招聘50名特勤类警辅",,"苏州华图教育","2017-05-04 09:23:43","<div><p>苏州工业园区公安分局根据《苏州市警务辅助人员管理办法》和《苏州工业园区警务辅助人员分类管理办法》，现面向社会公开招录公安特勤类警务辅助人员50名(男性)，特制定本简章。</p><p><img src=""http://p3.pstatp.com/large/1dca0004f76bd13fb49c"" img_width=""427"" img_height=""320"" alt=""活久见！苏州园区招聘：园区公安分局招聘50名特勤类警辅"" inline=""0""></p><p><strong>一、岗位说明</strong></p><p>公安特勤由苏州工业园区公安分局巡特警大队负责管理，主要职责为协助公安机关负责园区社会面巡防工作和安保工作等。</p><p><strong>二、报考要求</strong></p><p>1、具有较高的政治素质和较强的事业责任性，自愿从事公安特勤工作，纪律观念强，自觉服从分配，中共党员优先。</p><p>2、苏州大市户籍，男性，年龄在18周岁至30周岁(1986年5月至1999年5月期间出生);具有高中(含中专或职高)及以上学历。对外省市户籍的人员，只招录复退军人和具有专业特长的人员。</p><p>3、身体健康，体貌端正，机警敏捷无传染性疾病，双眼单裸视力(标准对数视力)达4.8(含)以上，身高为1.75米(含)以上。</p><p>4、符合园区公安机关规定的其他录用条件。</p><p>5、有下列情形之一的，不得报考：</p><p>(1)受过公安机关行政处罚的，或有违法犯罪前科的;</p><p>(2)有犯罪嫌疑尚未查清的;</p><p>(3)曾被单位辞退或开除的;</p><p>(4)道德败坏，有不良行为和纹身的;</p><p>(5)对直系血亲、旁系血亲被判处刑罚自己有看法的;</p><p>(6)其他不宜录用的情形。</p><p><strong>三、报名程序和录用方法</strong></p><p>报名者需本人到场并提供以下材料：报名表(附件一下载)、身份证、户口簿、毕业证书、退役证(退复军人提供)及两张两寸彩色照片;各相关材料均需交验原件并交复印件一份。</p><p>符合报名条件的人员给予登记。根据报名情况，适时通知体能测试、笔试、面试、体检(体检费自理)、政审。请报考人员保持通讯工具畅通。</p><p><strong>四、工资待遇</strong></p><p>公安特勤(警务辅助人员)一律实行公益性岗位制度，薪酬待遇由园区管委会财政保障，净收入年薪6.5万元(不含个人交纳的公积金部分);免费提供食宿，单位缴纳五险一金(养老、医疗、工伤、失业、生育、住房公积金)，并享受国家和苏州市政府规定的社会保险。</p><p><strong>五、纪律与监督</strong></p><p>招录实行自律制度，即报考者要对自己所提交信息的真实性负责，凡发现弄虚作假和违反考试录用纪律的报考人员，一律取消考试或录用资格。</p><p><strong>六、报名时间和报名地点</strong></p><p>报名时间：2017年5月2日—5月10日，上午9：00--11：00，下午13：30--16：30(双休日除外);</p><p>报名地点：苏州工业园区唯新路119号苏州工业园区公安分局巡特警大队二楼内勤办公室;</p><p>咨询服务联系电话： 0512—67588217、0512-66601621。</p><p><strong>七、本简章由苏州工业园区公安分局负责解释</strong></p><p>附件：园区公安分局2017年招录警务辅助人员报名表</p><p>原文阅读：http://suzhou.huatu.com/zhaojing/1122045.html</p></div>","法律体检社会","其他","https://landing.toutiao.com/i6416084239246164482/"
"女大学生做主播挣钱怀疑读书何用？上大学只为发财买房吗？",,"原创","杨不易","<div><p>前两天，看到一条新闻，说一些女大学生在直播平台做视频直播，网友动不动打赏。其中一位，还在大学期间，就自己买了房。以至于有做视频直播的女大学生对人生产生了怀疑：上大学到底有什么意义？</p><p><img src=""http://p9.pstatp.com/large/1dc00006215ad35cdaad"" img_width=""700"" img_height=""469"" alt=""女大学生做主播挣钱怀疑读书何用？上大学只为发财买房吗？"" inline=""0""></p><p>这句话，问得很有意思，引发颇多思考。</p><p>在中国，从古至今，读书都是改变命运的主要途径之一。古时候，你通过读者，考上了举人、进士或者状元，就能做官，改变自己的人生，同时也光宗耀宗。前些年，一些普通老百姓子女，尤其是农村子弟，通过读书考上大学，就算跳出农门，彻底告别面朝黄土背朝天的生活。上大学，可以说多少人梦想中的大好事，改变命运吧！很励志！</p><p>正因为如此，直到现在，很多人上大学，仍然期望着能够过上人上人的生活。如此过上这样的生活呢？不外是有权，或者有钱。所以，理所当然地认为，上了大学就能比其他人挣更多的钱，过更好的生活。</p><p><img src=""http://p3.pstatp.com/large/1dc500029db45d5775bd"" img_width=""1200"" img_height=""800"" alt=""女大学生做主播挣钱怀疑读书何用？上大学只为发财买房吗？"" inline=""0""></p><p>显然，这种想法是错误。随着社会环境的改变，挣钱的途径就太多了。特别是近几天，很多新兴的产业出来后，根本不需要太多的书本知识，只要脑子够灵光，搭上了车，很快就能挣钱，而且挣得不少。比如做视频直播这事儿，就是这样。互联网浪潮一波接一波，谁能赶上潮头，还真说不准。再说了，挣钱这事儿，本身跟读多少书没太大关系。很多挣钱多的人，只读了很少的书。</p><p>但是，这不能说读书无用。或者说，要去怀疑上大学的意义。一般而言，上大学有两个方面的意义，第一当然是学到一门专业知识，为将来的生存储备必要的能力；第二，却是内心修养和人生阅历的必要。一个人的气质和内涵的养成，很大的一部分都是在大学期间完成的。这些，对一个人的一生来说，可能比挣到多少钱更重要。</p><p>直白地说，挣钱，你可以有很多种方式，除了当白领，做公司高管，或者做官员、富二代，甚至做小生意玩直播等等，都可以挣到足够生活的钱，甚至发财。我家楼下那个摆摊卖烧烤的，也买了好几套房。但气质和内涵的养成，以及上大学这一人生阅历，却是通过其他方式完成不了的。</p><p><img src=""http://p3.pstatp.com/large/1dc2000624f6ac38f148"" img_width=""2048"" img_height=""1536"" alt=""女大学生做主播挣钱怀疑读书何用？上大学只为发财买房吗？"" inline=""0""></p><p>上过大学的人，大概都很怀念那一段时光。20岁左右的阳光年龄，在大学校园里的幸福时光，简简单单地念书、运动，或者小小地恋爱一场。而出来工作后，才觉得生活如此苦逼和太多压力。所以，大学时光，几乎是一个人进入社会之前最美好的三四年时间，是非常值得珍惜的。</p><p>都说青春无悔，不管你将来的工作，与上大学有没有关系，无论你将来发了多大的财，都不要后悔这一段时光，更不要怀疑它的意义。</p></div>","大学购房邓等等鸡汤教育","教育","https://landing.toutiao.com/i6415719035186446850/"
"UNSW：理工男≠性冷淡，我们不是最好，但我们最“高“",,"指南针Jason","2017-05-03 11:48:41","<div><p><strong>问你一个问题，当初为什么选择UNSW？</strong></p><p>世界排名？</p><p>地理位置？</p><p>校园环境？</p><p>专业设置？</p><p>就像一百个人心目中有一百个哈姆雷特，大概你心中，也有一个独特的理由，让你在最青葱的岁月里，爱上了UNSW。</p><p><img src=""http://p3.pstatp.com/large/1dc400003ee31aff05ef"" img_width=""640"" img_height=""427"" alt=""UNSW：理工男≠性冷淡，我们不是最好，但我们最“高“"" inline=""0""></p><p>最开始的时候，我从没想过要选择UNSW。名气看起来不如悉尼大学、墨尔本大学，专业设置不满两年。一说去悉尼上学，不少人的第一个反应都是：你是去悉尼大学吧？当自己说出新南威尔士大学的时候，不少人的反应都是一脸茫然。</p><p><img src=""http://p3.pstatp.com/large/1dc400003ee5818d89a4"" img_width=""640"" img_height=""425"" alt=""UNSW：理工男≠性冷淡，我们不是最好，但我们最“高“"" inline=""0""></p><p>但是事实上，今天再回首自己当年的选择，这是唯一不曾后悔的。拥挤的教室，深夜写的paper，磕磕巴巴的presentation······都是我在UNSW最宝贵的回忆。</p><p><img src=""http://p3.pstatp.com/large/1dc500031346a563e250"" img_width=""640"" img_height=""427"" alt=""UNSW：理工男≠性冷淡，我们不是最好，但我们最“高“"" inline=""0""></p><p><img src=""http://p9.pstatp.com/large/1dca000312fc983bd43b"" img_width=""200"" img_height=""183"" alt=""UNSW：理工男≠性冷淡，我们不是最好，但我们最“高“"" inline=""0""></p><p>虽然没有哈利波特楼，没有火车站，没有很大的校园，但是我们有充满文艺气息的落叶大道。还记得和你手牵手oweek的瞬间，记得你在校门口等我的样子。最不方便的交通，却是我最爱的部分。我们一起去往学校的路上，坐在巴士上，从市区的繁华，到体育场大片绿草坪的清爽。经过Anzac parade，那无尽的草坪，净化眼球，收获别一番的清静。这里有我和你一起发生的一切， 这大概是我喜欢UNSW的原因。</p><p><img src=""http://p1.pstatp.com/large/1dc50003134409a4771e"" img_width=""200"" img_height=""184"" alt=""UNSW：理工男≠性冷淡，我们不是最好，但我们最“高“"" inline=""0""></p><p><img src=""http://p1.pstatp.com/large/1dca000312fda349e7ff"" img_width=""640"" img_height=""426"" alt=""UNSW：理工男≠性冷淡，我们不是最好，但我们最“高“"" inline=""0""></p><p>多少次牵着你走在这条路上，心里都想让时间慢一点再慢一点。每一次从百级阶梯去图书馆，都撒娇让你背我。你总是摸着我的头宠溺的说好。</p><p><img src=""http://p9.pstatp.com/large/1dbe0003146b29ad5298"" img_width=""640"" img_height=""427"" alt=""UNSW：理工男≠性冷淡，我们不是最好，但我们最“高“"" inline=""0""></p><p>世界五十强的排名，就意味着学习的压力。每次在图书馆学习的时候，都想起来UNSW闻名校友的名言：<strong>U never sleep well~</strong>有多少次在图书馆挑灯夜战，只为求一个pass。</p><p><img src=""http://p1.pstatp.com/large/1dc400003ee72123b667"" img_width=""640"" img_height=""428"" alt=""UNSW：理工男≠性冷淡，我们不是最好，但我们最“高“"" inline=""0""></p><p>请输入标题 bcdef</p><p>快到期末的时候，我总是直奔图书馆！怀着雄心壮志，想着在这样的氛围下一定能阅百本书！打开电脑，翻开教材，直挺挺地坐着，立誓要将内容复习完！可是，每次等你来了之后，却只能看到我熟睡的侧颜，还有满桌子哈喇子。你把我敲醒，我却都以“图书馆太安静了，温度太适宜冬眠”为由掩饰我空白的笔记。</p><p> abcdefg</p><p><img src=""http://p3.pstatp.com/large/1dbe0003146aac7c0723"" img_width=""640"" img_height=""428"" alt=""UNSW：理工男≠性冷淡，我们不是最好，但我们最“高“"" inline=""0""></p><p>但是当我在图书馆学到精气神都被吸光时，拉着你去主图斜对角的咖啡小帐篷，来杯热腾腾的咖啡，简单又充实。我们坐在图书馆门前的草地上伴有簌簌落叶，为单调的绿色添加了一抹暖色。我手里捧着热咖啡，只要有你在，就会感觉到温暖。悉尼的天气一如既往的晴朗，阳光懒懒地洒下来，让UNSW的标志也显得额外显眼。</p><p><img src=""http://p3.pstatp.com/large/1dc1000033b66045f925"" img_width=""640"" img_height=""424"" alt=""UNSW：理工男≠性冷淡，我们不是最好，但我们最“高“"" inline=""0""></p><blockquote><p>有时候主图前的草坪上放映电影，我就拉着你来看，小小的投影仪将画面投在屏幕上，像极了过去简单的观影模式。我们随意地坐着、躺着，已经忘记了看的是什么，只记得你挂在嘴边的微笑。</p></blockquote><p><img src=""http://p1.pstatp.com/large/1f7b0000376bf5384b39"" img_width=""640"" img_height=""426"" alt=""UNSW：理工男≠性冷淡，我们不是最好，但我们最“高“"" inline=""0""></p><p>在所有的楼里面，我最喜欢Quadrangle，每次字母都在嘴边了，却念不出来，你细心地告诉我该怎么读。这个像是红砖头砌成的城堡，嫩绿的草坪“绽放”在其中。课间休息总会看到一些学生坐在草坪里享受着午后阳光；白鹮慢悠悠着散步，总会在你不经意时，在你的食物留下痕迹。</p><p><img src=""http://p1.pstatp.com/large/1f7b0000376a19f99741"" img_width=""640"" img_height=""425"" alt=""UNSW：理工男≠性冷淡，我们不是最好，但我们最“高“"" inline=""0""></p><p>Food court里的东西琳琅满目，可我唯独心仪那里的薯条。每每经过这里，我都要拉着你的手，撒娇着让你给我买。</p><p><img src=""http://p3.pstatp.com/large/1dca00031300d490b72b"" img_width=""640"" img_height=""431"" alt=""UNSW：理工男≠性冷淡，我们不是最好，但我们最“高“"" inline=""0""></p><p><strong>每次上课的间隙，我就趴在二楼的围栏上看着钟楼和你打电话。看着它用太阳的影子来记录时间。无时无刻地在告诉我们，日月如梭，珍惜在学校的点点滴滴。</strong></p><p><img src=""http://p3.pstatp.com/large/1dc800003dd9b5aaf9fd"" img_width=""640"" img_height=""710"" alt=""UNSW：理工男≠性冷淡，我们不是最好，但我们最“高“"" inline=""0""></p><p>UNSW的理工科很厉害，有一次偷偷让你带我去你们的实验室看，即使什么都看不懂，听着你告诉我这些仪器的用途，却倍感温暖。</p><p><img src=""http://p3.pstatp.com/large/1dc1000033b54167c52d"" img_width=""640"" img_height=""426"" alt=""UNSW：理工男≠性冷淡，我们不是最好，但我们最“高“"" inline=""0""></p><p>知乎上有一个人这样回答喜欢一个学校的理由：大概是因为,那里有你深爱的人和一去不复返的青春~ 也许UNSW在你们眼里有着很多的不如，但在我眼里，它在我们人生中留下了浓厚的一笔；它承载着我们的梦想，它给予了我们希望，它塑造了一个展现自我的平台。最最重要的是，不论过了多少年，我都记得在校园里，初见你的模样。</p><p><img src=""http://p1.pstatp.com/large/1f7b0000376931edcb4d"" img_width=""640"" img_height=""426"" alt=""UNSW：理工男≠性冷淡，我们不是最好，但我们最“高“"" inline=""0""></p><p><img src=""http://p3.pstatp.com/large/1dc1000033b4f1e08115"" img_width=""640"" img_height=""360"" alt=""UNSW：理工男≠性冷淡，我们不是最好，但我们最“高“"" inline=""0""></p><p><strong>指南针原创文章 严禁抄袭转载 </strong></p><br></div>","UNSW悉尼大学墨尔本大学","其它","https://landing.toutiao.com/i6415750510262878721/"
"中国最遥远的211大学，绝对实力碾压清华北大！",,"云择校","2017-05-03 11:48:12","<div><p>碧海连天远，琼崖尽是春</p><p>南天一柱迎风立，巍巍海门迎客家。作为一所省属重点的“211”工程大学的海南大学，处于我国的天涯海角，作为我国的热带省市大学，海滩，椰子树，比基尼美女是它的特色，但是面向现代化的教育也是它最为重要的一环。</p><p>立足海南，面向全国，辐射东南亚，展望世界。海南大学，创建于1958年，历经多年风雨坎坷，牢牢地抓住“211”工程建设和建设海南国际旅游岛的机遇，建设成为多学科环绕一身的高校，就比如海南大学的王<strong>牌专业，法学，媲美全国的985，甚至比它们还强势。 </strong></p><p><img src=""http://p1.pstatp.com/large/1f7b000034e2a2ee31fa"" img_width=""936"" img_height=""599"" alt=""中国最遥远的211大学，绝对实力碾压清华北大！"" inline=""0""></p><p><strong>而作为海大最强势的功课专业----材料科学与工程，</strong>师资力量强大，专业课设置很牢靠也是众多学子梦寐以求的专业。</p><p>作为处在<strong>海南唯一的211大学，</strong>合并前的华南热带农业大学农学和海南大学农学合并在一起，综合实力更是强大，在同类院校，同类学科排行当中，都是前列。、</p><p>甲子风云变，海大又逢春。<strong>作为国家级重点学科的作物遗传育种、植物学以及作物栽培学与耕作学随着中国改革开放的大好态势也是蒸蒸日上，呈现出了大好态势。工学、理学文学、</strong><strong>法学等等的特色鲜明，不说全国数一数二，也是全国中上游的行列。</strong></p><p>悠悠海南，大海风光。海南风光显海口，当夏天遇上海滩，当海滩就在校园，当漫步在椰树林，当沙滩遇上美女，没错，这就是海大！海纳百川，而海大也是不辜负其名，拥有海甸、城西、儋州三个校区，占地面积辽阔，硬件设施完备，诗歌之乡的儋州更是不可多得的旅游胜地。</p><p><img src=""http://p3.pstatp.com/large/1dca000310a0b026fcbf"" img_width=""1000"" img_height=""750"" alt=""中国最遥远的211大学，绝对实力碾压清华北大！"" inline=""0""></p><p>美丽的校园，不仅帅气的男生和养眼的女生，最令人沉醉的而是那海大的美味佳肴，海南得天独厚的自然资源优势，风情浓郁的少数民族让海南的“吃”也是表现出了新鲜天然、奇特丰富。而这山珍海味的清淡鲜活、原汁原味更是在海大的食堂展现得淋漓尽致。肉质酥鲜的文昌鸡，大闸蟹、加积鸭提起来就让世人口水直流，这让海大的吃货们更是享尽了人间美食。</p><p>海纳百川，大道致远。言之不文，行也不远。</p><p>北客眼生处，南方天尽头。学尽天涯路，海大处于世界的东南一隅，紧挨着天涯海角，却也没有被世界遗忘，没有消失于未雨的绸缪，却也是大道东去，屡屡成了气候。 “我知道那些夏天就像青春一样回不来,代替梦想的也只能是勉为其难。”但是在海大只有夏天，梦想永远都不会勉为其难，如果你还有梦想，就来这所天涯海角的“211”吧。</p></div>","大学海南大学美女文昌鸡材料科学","教育","https://landing.toutiao.com/i6415750385788518914/"
"梅岭学校组织中学生开展主题社会实践活动","南昌新闻网讯 近日，梅岭学校组织全体中学生前往进贤西湖李家开展了一次以“八一军旗红万代，革命精神扬千秋”为主题的社会实践活动。","南昌新闻网","2017-05-03 11:50:03","<img src=""http://p3.pstatp.com/large/1e2200076569994e6645"" img_width=""564"" img_height=""423"" alt=""梅岭学校组织中学生开展主题社会实践活动"" inline=""0""><img src=""http://p3.pstatp.com/large/1e1b00079cbef92ebd17"" img_width=""580"" img_height=""435"" alt=""梅岭学校组织中学生开展主题社会实践活动"" inline=""0""><img src=""http://p1.pstatp.com/large/1ccb0007c9672e13240b"" img_width=""600"" img_height=""450"" alt=""梅岭学校组织中学生开展主题社会实践活动"" inline=""0""><p>南昌新闻网讯 近日，梅岭学校组织全体中学生前往进贤西湖李家开展了一次以“八一军旗红万代，革命精神扬千秋”为主题的社会实践活动。</p><p>据了解，活动内容包括军姿、队列训练，模拟担架救护，参观农博馆、农夫草堂等相关内容。原南昌市市长李豆罗也应邀到场为同学们讲话，他鼓励大家奋发有为，早日成为国家的栋梁之才。在各方的密切配合和有序组织下，此次主题社会实践活动内容充实，安排紧凑，富有教育意义，给师生们留下了深刻的印象。</p>","教育","教育","https://landing.toutiao.com/i6415750871178543618/"
"怎样的数学老师才算好数学老师？",,"中学数学教育领航者","2017-05-03 11:53:52","<div><p><strong>本文先不讨论教育方面的问题，单纯只论教学。</strong></p><p><strong>教学有法，但教无定法。具体的教法哪种更科学，很难予以界定，但有些基本原则是一定不能违背的，违背了这些基本原则，就不能称之为好数学老师。</strong></p><p><strong>比如说，老师不能照本宣科。老师应向学生展示知识的发生、发展过程，揭示问题的来龙去脉，让学生不仅知其然亦知其所以然等等，做不到以上这些的数学老师，就不能称之为好数学老师。</strong></p><p><strong>为了说明这个问题，我举一个例子，比如需要数学老师讲解如下题目：</strong></p><p><strong><img src=""http://p9.pstatp.com/large/1dc800002446347a7ffd"" img_width=""779"" img_height=""161"" alt=""怎样的数学老师才算好数学老师？"" inline=""0""></strong></p><p><strong>下面是一位老师向学生展示的证明方法，大家评判下，觉得这是不是个好数学老师。</strong></p><p><strong><img src=""http://p3.pstatp.com/large/1dbe0003083f31f581d1"" img_width=""780"" img_height=""447"" alt=""怎样的数学老师才算好数学老师？"" inline=""0""></strong></p><p><strong>显然，这种教法没有任何营养，从这种证明过程中，看不到真正的思维过程，充其量就是一种答案展示，学生看了这种证法，还是只能知其然不知其所以然，这种老师也太好当了，只要看着答案念一遍就完事了，能识字的就能完成这个教学过程。<br></strong></p><p><strong>作为一个好的数学老师，在讲解一个问题时，应能让学生明白做法的来龙去脉，不仅知其然亦知其所以然，从而能够做到举一反三，触类旁通。</strong></p><p><strong>我在讲这个问题时，会这样处理：我们知道，解决一个数学问题的基本思路就是转化，把陌生的转化成熟悉的，把复杂的转化成简单的，……；而转化的基本方向，是从消除差异入手。本题中，不等式两边的最大差异是左边有n项,而右边只有1项，直接比大小会非常不方便。大家都爱看西游记，每次孙悟空面对成千上万的妖怪，寡不敌众时，孙悟空往往会从脑后抓下一把毫毛，然后对着这把毫毛吹一口仙气，变出同样多的猴子出来，然后一对一与妖怪打。面对着一个数学问题，我们照样要像孙悟空一样，要能有72般变法。本题中由于右边只有1项，我们能不能把右边也化成n项呢？即把右边看成是n个数的和，那么到底是哪n个数的和呢？我们完全可以利用前n项和与项的关系，把每项算出来，思考过程如下：</strong></p><p><strong><img src=""http://p3.pstatp.com/large/1dc500031884794a8983"" img_width=""763"" img_height=""340"" alt=""怎样的数学老师才算好数学老师？"" inline=""0""></strong></p><p><strong>以下的解法同第一位数学老师讲的，不再继续。<br></strong></p><p><strong>显然，后一种讲法，触及了问题的本质，能让学生不仅知其然亦知其所以然，下次遇到类似的题时，也会按这种思路进行处理，相较之下，后面这位老师才能算好数学老师。</strong></p><p><strong>限于时间与篇幅所限，我这里只是抓住一个点来说明好的数学老师应该是怎样的，更多的讨论，我们以后再进行。今天就写到这，我们明天继续。</strong></p><p><strong> 欢迎大家发表自己的见解，你们的任何一条评论，我都会认真看。更多的学习资料，大家可以访问我的个人主页：http://www.genshuixue.com/458849088，里面有些免费数学资源供大家学习。接下来的时间里，我会陆续讲解有关高中数学学习的那些事儿，敬请留意！ </strong></p><p><strong></strong></p><p class=""pgc-img-caption""><strong>点击此处输入图片描述</strong></p></div>","数学孙悟空西游记猴子高中数学","教育","https://landing.toutiao.com/i6415751848057111042/"
"一招教你在公务员面试”自我介绍“部分取胜",,"华图教育","2017-05-03 11:49:58","<div><p> 2017年公务员考试即将进入面试阶段，很多考生表示不知道如何应对面试考试，特别是在考官要求”自我介绍“时不知道如何回答，下面小编给考生带来”自我介绍“技巧，助考生面试成功！</p><p><img src=""http://p3.pstatp.com/large/1dbe00031515fe4da77e"" img_width=""625"" img_height=""375"" alt=""一招教你在公务员面试”自我介绍“部分取胜"" inline=""0""></p><p><strong>一、注意“自我介绍”结构</strong></p><p>很多考生不知道“自我介绍”是有逻辑的，而不是随心所欲的介绍。在这个部分，考官可以考察考生的思维逻辑，还可以让考生借此更清楚的认识自己。</p><p>关于自我介绍的结构，我们可以追求“全”或者“精”。所谓“全”，就是通过自我介绍，来展示自己的方方面面，力求通过自我介绍来让考官全方位地认识自己，同时也表明考生对于自身的认识是全面的。可以从“学习中、工作中、生活中”来空间展开，也可以从“过去、现在、未来”进行时间阐述。所谓“精”，就是通过一个自己最闪耀的点来展开，可以是政治素养、知识背景、成长经历、兴趣爱好甚至是自己的优缺点，不求全，但是力求生动形象、有内容。</p><p><strong>二、内容很重要</strong></p><p>“自我介绍”的结构虽然很重要，但是介绍内容更加的重要。考生在自我介绍时一定要注意自己能力的介绍。所以我们在展开介绍的时候，一定不能只用概括性的语句或者词汇，后面必须要有具体的例子或者经历来证明自己的求职动机、工作能力和职业规划。在举例子的时候要尽量具体，可以选择一些细节进行描述，从而达到真实再现，但是一定要注意点到即止，只讲跟前面观点有关的部分，不要长篇累牍、尾大不掉，引起考官的厌烦，从而失去听下去的耐心。</p><p><strong>三、拒绝虚假</strong></p><p>前面讲到在自我介绍中内容很重要，但是这个内容的前提是要真实可靠，而非虚假编造的，不要妄图用虚假内容来丰富自己的经历，不要塑造自己非常完美的形象，而是讲述自己平淡但是真实的经历，饱含感情和理解地向考官讲述即可。记住“贵在真诚”四个字。</p><p>当然在讲述过程中考生要注意语言的表达。</p><p>面试的自我介绍很重要，是考官考察考生的重要一部分，考生一定要提前准备，做好自我介绍练习，争取顺利通过面试！</p></div>","公务员考试政治职业规划教育","教育","https://landing.toutiao.com/i6415750841201852930/"
"2017新加坡留学攻略：选公立学校还是私立学校？",,"欧美桥教育","2017-05-03 11:49:24","<div><p>教育体系全球排名前三的新加坡，向来是中国人向往的留学目的地。容易适应的华人社会，中西结合的双语教学模式，优美的花园城市环境，良好的社会治安等等， 吸引着一批批留学生来新加坡深造！</p><h1>公立大学：4所综合性大学</h1><p><img src=""http://p9.pstatp.com/large/1dc50003123c54067218"" img_width=""639"" img_height=""489"" alt=""2017新加坡留学攻略：选公立学校还是私立学校？"" inline=""0""></p><p>新加坡有4所综合性政府大学。新加坡国立大学，南洋理工大学，新加坡管理大学和新加坡科技设计大学，其中新加坡国立大学（NUS）目前是亚洲排名第一的大学。 能在新加坡政府大学完成学业，对学生毕业后的就业前景和移民申请有很大帮助！</p><p>新加坡政府大学本科阶段一般不直接招收国内高中毕业生，学生需要提供比较好的Alevel ( 新加坡高考）成绩才有可能录取。</p><p>如果中国学生申请政府大学的研究生课程，一般是以交换学生的形式，大学提供奖学金。申请者的提前条件是要国内名牌大学毕业。</p><h1>公立大学：5所理工学院</h1><p><img src=""http://p3.pstatp.com/large/1dc400003dd94cc7e466"" img_width=""651"" img_height=""332"" alt=""2017新加坡留学攻略：选公立学校还是私立学校？"" inline=""0""></p><p>理工学院每年会招收中国高中毕业生。以共和理工学院为例，中国高中毕业生申请的条件是：1，高考要达到总分60%以上；2，雅思成绩要6分以上。 学生也可以以新加坡O水准成绩直接申请，要求数学和英文达到7分以上。</p><h1>理工学院推荐：新加坡建设局学院（BCA Academy)</h1><p><img src=""http://p3.pstatp.com/large/1f7b00003670a8dcd80b"" img_width=""392"" img_height=""234"" alt=""2017新加坡留学攻略：选公立学校还是私立学校？"" inline=""0""></p><p>新加坡另外有一所政府背景大学是新加坡建筑学院（BCA Academy) ,近年来越来越受中国学生欢迎。BCA Academy 是新加坡国家发展部下属建设局设立的一所专业建筑管理学院。属于新加坡公立院校。学院建立于1984年，近20年来为新加坡建筑企业培养了许多人才。学院的师资除包括专家学者外，也包括新加坡的政府官员。课程内容新颖，适用性强。在校学生近4000人。外国学生毕业后在新加坡就业移民有优势。</p><ul class="" list-paddingleft-2""><li><p>新加坡建设局2012年启动奖学金、助学金计划：</p></li><li><p>奖学金计划：在校成绩优异者可享有。</p></li><li><p>学费减免—每年9900新币（约合人民币4.8万元）</p></li><li><p>每月生活补助900新币（约合人民币4500元）</p></li><li><p>新加坡政府要求学生必须申请新加坡永久居民</p></li><li><p>毕业后必须签约留新工作2—4年</p></li><li><p>助学金计划：学生有资格申请助学金—每年7000新币（约合人民币3.5万元）</p></li></ul><h1>私立大学留学介绍</h1><p>目前在新加坡留学的中国大学生中，有80%左右在新加坡私立大学就读。 私立大学一般只具备颁发本校大专及以下文凭资质。如果是本科和研究生以上文凭，基本是和英美澳大学联合颁发。</p><h1>私立院校推荐：南洋艺术学院</h1><p><img src=""http://p3.pstatp.com/large/1dc1000032ac62b2610f"" img_width=""421"" img_height=""236"" alt=""2017新加坡留学攻略：选公立学校还是私立学校？"" inline=""0""></p><p>新加坡南洋艺术学院成立于1938年，是新加坡历史最悠久，第一所获得新加坡教育部资助并提供国际学生签约留新工作合约（TGD）的综合性艺术学府。高品质的毕业生成绩，获得世界名校的学术认可及就业市场的青睐。南洋艺术学院培养了许多杰出的艺术及设计家。12 名新加坡总统艺术家得主；13名总统青年艺术家奖得主。</p><ul class="" list-paddingleft-2""><li><p>奖学金及助学金：新加坡教育部提供优秀国际新生奖助学金（TGD），南洋艺术学院也颁发大量的奖助学金给表现优异的学生。</p></li><li><p>专业设置： 3D设计/媒体设计/纯美术/服装设计/舞蹈/戏剧/音乐/音乐教育/美术教育</p></li><li><p>师资力量：75%的讲师拥有博士、硕士以上学位，教学老师不仅拥有丰富教学经验，更活跃在各自的艺术创作领域，了解世界艺术及创作的趋势与需求。</p></li><li><p>师生比例：1：8—1：15的低师生比例，让学生获得老师的最大关注。</p></li><li><p>就业报告：新加坡政府毕业生调查显示，86%的专业文凭及学士文凭的毕业生可以在毕业后3个月内找到工作。85%的毕业生选择与所学专业相关的工作。</p></li><li><p>世界级教育：新加坡优异的教育品质受到世界的认可，政府每年注入南洋艺术学院大量教育基金，为培养世界级的艺术及创意人才积极努力</p></li></ul></div>","大学移民新加坡国立大学高考艺术","教育","https://landing.toutiao.com/i6415750696024408577/"
"谁在做中国本科高校的校长？看完你就知道了！",,"大学问网","2017-05-03 11:49:54","<div><p><img src=""http://p1.pstatp.com/large/1dc400003d084ddeec16"" img_width=""500"" img_height=""310"" alt=""谁在做中国本科高校的校长？看完你就知道了！"" inline=""0""></p><p>为了了解我国公办本科高校校长的特征，本调查选取了759所公办普通本科高校。本调查将公办普通本科高校分为“985”高校、“211”高校、老牌本科高校和新建本科高校四类，根据学校发展情况，我们认为，新建本科高校、老牌本科高校、“211”高校、“985”高校在办学层次上是由低至高的。</p><p>由于我国高校领导干部的原始档案不对外公开，本研究所采集的高校校长任职数据主要来自网络资源，在经过多次搜索、整理与核实后得到样本数据。统计时间截至2015年4月。在对759所高校校长的基本信息进行统计时，为保证样本信息的完整性，我们把极少数个人信息未上网或不全的高校校长资料作为缺省数据处理。另外，本次调查对象只涉及高校现任正校长，不包括代理校长、临时校长、名誉校长之类，对其性别、职称、政治面貌、学术兼职、个人特质等方面的情况进行调查。</p><p><img src=""http://p1.pstatp.com/large/1f7b0000375f5e8e18d0"" img_width=""991"" img_height=""116"" alt=""谁在做中国本科高校的校长？看完你就知道了！"" inline=""0""></p><p>上表显示，从总体上来看，<strong>在现任校长中，女性只占3.7％，且主要任职于老牌本科高校和新建本科高校。在层次较高的大学中，女性担任校长的比例较低，其中“985”高校校长皆为男性。</strong>2007年，中国所有“211”高校（含“985”高校）中女性校长仅占1.9％，现在这一比例不到1.8％，略有降低。而在世界最好的100所大学中，女性校长占比为15％。根据2010年“她数据”（SHE Figures）对27个欧洲国家的大学校长统计，女性校长比例为15.5％。在美国有博士学位授予权的大学中，女性校长占比为13.3％，此外，2011年美国大学校长中女性占比为26％，并且在美国各类型大学中，女性校长占比大体相当。从上述情况来看，<strong>女性与男性一样也可以作为大学的掌舵人，而目前我国公办普通本科高校校长中女性所占比例远低于美国。</strong></p><p>造成我国高校女性校长比例偏低的因素有多方面：其一，作为女性，相对男性而言，除了承担社会工作外，还担负着繁衍后代、照顾家庭等任务，这将会占据其较多的精力和时间，因此个人在做职业决策时，会受到家庭因素的困扰；其二，<strong>在我国，受“男主外，女主内”的传统思想观念的影响，女性一直被认为更适合扮演非领导型的角色，从事非领导型的工作；</strong>其三，受特定的历史因素影响，尽管我国女性的社会地位较过去有了很大提高，但在20世纪六七十年代，女性接受高等教育的比例普遍低于男性，机会也比男性少，从而直接影响和限制了高校女性校长的产生。</p><p><img src=""http://p1.pstatp.com/large/1dc10000327fd1100e61"" img_width=""1002"" img_height=""271"" alt=""谁在做中国本科高校的校长？看完你就知道了！"" inline=""0""></p><p>我国公办普通本科高校校长的年龄平均为53.7岁，其中“985”高校校长平均年龄为55.3岁，新建本科高校的校长最为年轻，平均年龄为52.7岁。统计结果显示，学校层次和校长年龄之间有明显的关联，<strong>新建本科高校校长的平均年龄明显小于其他各层次学校，</strong>尤其在50-55岁年龄段，人数明显高于其他各层次学校。<strong>从整体上来看，随着学校层次的提高，年龄大的校长所占比例也随之提高，</strong>其中“985”高校校长中年龄超过60岁的所占比例最大，为28.9％。而2011年美国大学校长的年龄平均为61岁，年龄超过60岁以上的校长占比达58.0％。这说明我国公办普通本科高校校长与美国大学校长相比还较为年轻。</p><p>我国公办普通本科高校校长任现职时间平均为4.6年，其中“985”高校校长任现职时长为3.9年，时间最短，这说明<strong>“</strong><strong>985</strong><strong>”高校校长的调整频率高于其他层次的学校。</strong>而2011年美国大学校长任现职时长平均为7年，且<strong>美国近</strong><strong>20</strong><strong>年的大学校长任现职时长稳定在</strong><strong>7</strong><strong>年左右。与之相比，我国高校校长任职时间偏短。校长更替如果太频繁，就会使得学校制定的政策与制度缺乏连续性，改革也不可能深入持久，从而造成一定的负面影响，不利于学校的发展，因为“领导变更经常带来风格和战略上的急剧转变，使教师和行政人员疲于应付这种变化”，同时也会导致校长注重短期利益，急功近利，难以按照教育规律办学。</strong></p><p><img src=""http://p3.pstatp.com/large/1dc1000032a2f156284e"" img_width=""1000"" img_height=""186"" alt=""谁在做中国本科高校的校长？看完你就知道了！"" inline=""0""></p><p>在教育背景上，我国公办普通本科高校校长中拥有博士学位的占比为71.2％。统计结果显示，<strong>大学的层次和校长的最高学位之间有显著性关联，随着学校层次的升高，校长的最高学位层次也随之升高，其中“</strong><strong>985</strong><strong>”高校和“</strong><strong>211</strong><strong>”高校校长具有博士学位的比例明显高于老牌本科高校和新建本科高校。</strong>另外，拥有博士学位的校长平均年龄为53.1岁，最高学位为硕士的校长平均年龄为55岁，而只有学士学位的校长平均年龄为56岁，在老牌本科高校中仅有一位校长是中专毕业，其年龄为53岁。这说明，学位偏低的校长一般年龄偏大。这是因为他们大都出生于20世纪50年代，受当时教育体制和教育水平的影响，他们很早就参加工作，通过生产实践最后成为某一领域的专家，并逐渐走上校长岗位。</p><p>由此可见，<strong>拥有出色的学历背景对于高校主要领导成为校长具有强有力的影响，而拥有博士学位是成为我国高校尤其是“</strong><strong>985</strong><strong>”高校和“</strong><strong>211</strong><strong>”高校校长的一个重要条件，</strong>因为获得博士学位的校长往往能在一定程度上更加有效地规划和管理学校的发展。同时，部分年龄偏大而位较低的校长也是在长期的工作实践中成为某一领域的专家的，这也印证了已有的研究结论，即在我国的高校管理中，校长体现了“专家治理”的角色要求。</p><p>此外，调查还显示，从总体上来看，在754位校长中，有240位校长具工学背景，123位校长具理学背景，二者合计占比为48.1％。而具教育学背景的校长所占比例仅为9.3％，管理学背景的为4.4％，哲学、法学、历史学、文学等人文社会学科背景的所占比重更低。<strong>正如有学者所指出的，中国高校里的“专家治理”现象，在很大程度上就是“科学家治理”或“工程师治理”。</strong>而在美国的大学校长中，具有教育学或高等教育学背景的校长占比高达37％，具有理工科背景的仅占18.5％，与我国有明显的差异。</p><p>从各层次高校来看，“985”高校中具理工科背景的校长占比为84.3％，“211”高校中该比例为60.5％，老牌本科高校和新建本科高校中这一比例则分别为43.2％和45.5％。我国理工科高校占高校总数的比例为27.5％，通过比较可以看出，<strong>政府选拔校长时特别青睐理工科人才，尤其在高层次学校中更加明显。</strong></p><p>就总体而言，我国公办普通本科高校校长在性别、职称、政治面貌、学术兼职、个人特质等方面有着共同特征，<strong>这一群体的“肖像”是：校长，男，</strong><strong>50</strong><strong>多岁，中共党员，有博士学位，由本校副校长</strong><strong>/</strong><strong>副书记升（或者由他校校长平行调动）任现职，担任校长职务已经</strong><strong>4.6</strong><strong>年，既是某一研究领域的领军人物或专家，又承担教学任务和科研项目，有学术兼职和社会兼职。</strong>综上所述，我们可以对当前我国公办本科高校校长的任职情况及特点作如下归纳。</p><p>第一，校长的产生主要有四种方式：内部升迁；平行调动；“空降”，即从政府官员中选拔校长；公开选拔。选拔以高等教育系统内为主，体系相对封闭，候选人来源较为单一，选人用人视野比较狭窄。尽管存在“官员返校”现象，但来自高等教育系统外的校长所占比例仍然偏低，也有上级组织安排富余干部之嫌。</p><p>第二，<strong>校长的“土著”特征明显。</strong>选拔校长时存在选择本地人、本校毕业、有本校工作经验的倾向，主要表现为：一是任职属地化明显，具有很强的地域性和局限性；二是存在较多“校友任校长”的现象；三是存在较多“一直在本校工作”的现象。层次较低高校的校长向层次高的高校校长岗位流动十分困难；在部属高校和地方高校两大系统间，校长流动并不频繁。</p><p>第三，各层次高校校长的职务迁调总体是向上的，即由副职升为正职，副校长/副书记这一职务是成为校长的潜在途径和理想途径。部属高校的校长多在本层次高校间横向流动。</p><p>第四，校长任期偏短。我国高校校长平均任现职的时间远远低于美国大学校长，而一所大学的发展进步需要有长远的发展目标，任期偏短会使得校长很难落实自己的治校理念，无益于大学的长期建设和发展。</p><p>第五，校长有着多重社会角色，非全职化管理大学。校长大多从事着与“校长”这一基本角色无关的工作，投入主业的时间和精力不够，存在身在其位、心不在其岗的角色错位问题。</p><p><strong>来源：</strong><strong>《高等教育研究》</strong></p><p><strong>作者：张应强，索凯峰</strong><strong> （原文有删改）</strong></p><p>特别声明：本文转载仅仅是出于传播信息的需要，并不意味着代表本网站观点或证实其内容的真实性；如其他媒体、网站或个人从本网站转载使用，须保留本网站注明的“<strong>来源</strong>”，并自负版权等法律责任；作者如果不希望被转载或者联系转载稿费等事宜，请与我们接洽。</p><p>语言不过关被拒？美国<strong>EditSprings</strong>-专业英语润色修改服务专家帮您！</p><p><img src=""http://p3.pstatp.com/large/1dc400003fcf4f9862b6"" img_width=""682"" img_height=""484"" alt=""谁在做中国本科高校的校长？看完你就知道了！"" inline=""0""></p></div>","大学美国工程师欧洲文学","教育","https://landing.toutiao.com/i6415750823598359042/"
"在职研究生毕业需要达到什么条件呢？",,"消防工程师考试网","2017-05-04 11:47:56","<div><p> 在近几年内，参加在职研究生课程学习已经成为一种潮流。现如今，开始有越来越来多的考生在提升专业知识和综合能力方面，纷纷加入到在职研究生课程的学习中。然而，有很多人员想要报考在职研究生，但是又担心在职研究生不好毕业，那么，在职研究生毕业又需要达到什么条件呢?</p><p> 首先，先带领大家先来了解一下在职研究生最为常见的两种报考形式，由这两种报考形式向大家介绍，在职研究生的毕业条件需要达到什么的条件。接下来看一下，同等学力申硕与一月联考的毕业时所需要条件。</p><p><strong> 1、同等学力申硕</strong></p><p> 同等学力申硕是所有在职研究生报考形式中考试难度最小的，在毕业方面也是比较容易通过。报考同等学力申硕的形式，在修完院校所规定的学分和院校组织的考试，准予考生毕业，并且颁发结业证书，想要参加申硕考试的，需要参加每年五月份的全国统一的考试和最后的论文答辩，在通过之后，最终是可以获得硕士学位证。</p><p><strong> 2、一月联考</strong></p><p> 一月联考形式，属于先考试再入学的的形式，与全日制教育有很多地方相同，考生需要通过入学前的两次测试进入院校学习，在规定时间学完全部课程修完学校规定的全部学分，通过最后的论文答辩可以获取到在职研究生学历证书和学位证书两种。</p></div>","升学考试教育","教育","https://landing.toutiao.com/i6416121403233272322/"
"深圳市携创技工学校国旗下的演讲好好学习 好好工作",,"深圳市携创技工学校","2017-05-03 11:57:18","<div><p>尊敬的老师，亲爱的同学们：</p><p>大家早上好，我是16级幼师（2）班的杨莎莎。我今天演讲的题目是《好好学习 好好工作》。</p><p>不知道同学们有没有想过，为什么有的人功业千秋，永垂不朽？为什么有的人悄悄而去，却没有给后人和社会留下一点儿有价值的东西？谁不希望自己的一生过得有意义、有价值？那么，怎样的人生才算是有意义有价值呢？</p><p>马克思是历史上一个了不起的伟大人物，他创立了科学的、光辉的共产主义学说，为人类的彻底解放指明了前进的道路。马克思曾说：""如果我们能选择一种最适合于人类工作的职业，那么，我们就不会在它的重压下变得意志消沉，因为我们是在为人类而作出牺牲，这样，我们就不会陷入到一种毫无意义的、狭小的、个人主义的欢乐之中。我们的幸福属于成千上万的人们。我们的事业虽然是无声无息的，但它将永世长存，在我们死后，善良的人们将在我们的骨灰上洒下他们的热泪。""说这段话的时候，马克思只有17岁，而在以后的人生历程中，他用实际行动履行了他所说的话。他诞辰100周年时，全世界无产阶级和革命人民，都还在深切地怀念他、悼念他。正因为马克思为人类作出了卓越的贡献，他的一生才有那样重大的意义，他的人生价值才是无可估量地巨大。</p><p><img src=""http://p1.pstatp.com/large/1dc8000040b90bd9da07"" img_width=""638"" img_height=""388"" alt=""深圳市携创技工学校国旗下的演讲好好学习 好好工作"" inline=""0""></p><p class=""pgc-img-caption"">第九周获得“6S”流动红旗的班级——16级视觉（3）班、16级视觉（4）班</p><p><img src=""http://p1.pstatp.com/large/1dca0003165f29540cf4"" img_width=""638"" img_height=""385"" alt=""深圳市携创技工学校国旗下的演讲好好学习 好好工作"" inline=""0""></p><p><img src=""http://p3.pstatp.com/large/1dca000316a39b5180e0"" img_width=""640"" img_height=""383"" alt=""深圳市携创技工学校国旗下的演讲好好学习 好好工作"" inline=""0""></p><p class=""pgc-img-caption"">升旗仪式现场</p><p><img src=""http://p3.pstatp.com/large/1dca000316e93a50d0dd"" img_width=""638"" img_height=""389"" alt=""深圳市携创技工学校国旗下的演讲好好学习 好好工作"" inline=""0""></p><p class=""pgc-img-caption"">精神抖擞的旗手们</p><p><img src=""http://p1.pstatp.com/large/1dc10000385e2a2a1b7b"" img_width=""492"" img_height=""320"" alt=""深圳市携创技工学校国旗下的演讲好好学习 好好工作"" inline=""0""></p><p class=""pgc-img-caption"">大国工匠人物展播</p><p>“学技术是其次，学做人是首位，干活要凭良心。”胡双钱喜欢把这句话挂在嘴边，这也是他技工生涯的注脚。</p><p>胡双钱是上海飞机制造有限公司的高级技师，一位坚守航空事业35年、加工数十万飞机零件无一差错的普通钳工。对质量的坚守，已经是融入血液的习惯。他心里清楚，一次差错可能就意味着无可估量的损失甚至以生命为代价。他用自己总结归纳的“对比复查法”和“反向验证法”，在飞机零件制造岗位上创造了35年零差错的纪录，连续十二年被公司评为“质量信得过岗位”，并授予产品免检荣誉证书。</p><p>不仅无差错，还特别能攻坚。在ARJ21新支线飞机项目和大型客机项目的研制和试飞阶段，设计定型及各项试验的过程中会产生许多特制件，这些零件无法进行大批量、规模化生产，钳工是进行零件加工最直接的手段。胡双钱几十年的积累和沉淀开始发挥作用。他攻坚克难，创新工作方法，圆满完成了ARJ21—700飞机起落架钛合金作动筒接头特制件制孔、C919大型客机项目平尾零件制孔等各种特制件的加工工作。胡双钱先后获得全国五一劳动奖章、全国劳动模范、全国道德模范称号。</p><p>一定要把我们自己的装备制造业搞上去，一定要把大飞机搞上去。已经55岁的胡双钱现在最大的愿望是：“最好再干10年、20年，为中国大飞机多做一点。</p><p>-----------------------------------------------------------------------------------------------------------------------------------------------</p><p>AD: 深圳市 龙岗区 横岗街道 六约社区 新塘路 138号</p><p>学校网站：http://www.szxcjx.cn</p><p>校园规范化管理，实行预约制度，任何人须提前一天电话预约后方可来校</p><p>校门来访登记请说明找林主任</p></div>","航空教育","教育","https://landing.toutiao.com/i6415752733185278466/"
"甘州区开展民办幼儿园督导评估工作","甘肃张掖网甘州讯 近日，甘州区人民政府教育督导室组织专职督学和公办幼儿园园长成立督导评估小组，对甘州区10所民办幼儿园开展督导评估。","张掖日报","2017-05-03 11:56:35","<p>甘肃张掖网甘州讯 近日，甘州区人民政府教育督导室组织专职督学和公办幼儿园园长成立督导评估小组，对甘州区10所民办幼儿园开展督导评估。</p><p>督导组以《甘州区民办幼儿园办学水平综合督导评估标准（试行）》为依据，在督导过程中深入校园，参加幼儿园一日常规活动，通过听园长汇报、随手推门听课、参加幼儿活动、查阅档案资料、召开教师和家长座谈会、实地查看办园情况等方式，对民办幼儿园办园思想、办园条件、教工队伍、园务管理、保教质量等五项内容进行督导评估。</p><p>督导评估发现，所督导的10所民办幼儿园存在一些共性的办学问题需要改进，主要为加强安全管理，增强安全意识，消除安全隐患；积极投入资金，改善办学条件，添置设施、设备；加强教师队伍建设，扩充优质资源；加大《幼儿园教育指导纲要》《3-6岁儿童学习与发展指南》和《规程》的宣传、贯彻和落实；完善资料的收集、整理、归档。</p><p>据悉，这次督导主要是为进一步推进甘州区民办幼儿园规范管理，加大民办幼儿园督导评估力度，提高民办幼儿园保育保教水平，监督和引导民办幼儿园规范办园行为,改善办园条件,全面提高教育质量和办园效益。各幼儿园督导评估结果将在督导评估工作后，在甘州区相关教育网站向社会公开、公布。（任海德 张虎）</p>","幼儿园教育","教育","https://landing.toutiao.com/i6415752553518072322/"
"我的泰语翻译之路，学着跟泰语死磕（连载日记）",,"小罗带你游泰国","2017-05-03 11:50:25","<div><p><strong>写在前篇:</strong></p><p> 最美的风景在路上！在我的家乡美丽的东湖边写下我的泰语翻译之路，学着跟泰语死磕引言，并由此开始我的泰语翻译之路！在此开篇记录每天学习泰语的过程及心得体会，包括泰语学习的知识要点，难点以及分享自己的学习经验及小技巧。如果你有更好的学习经验或者不认同我的一些学习方法，再或者难免有弄错的地方，请大家海涵！</p><p><img src=""http://p3.pstatp.com/large/1dbe000313f698010ff3"" img_width=""454"" img_height=""321"" alt=""我的泰语翻译之路，学着跟泰语死磕（连载日记）"" inline=""0""></p><p class=""pgc-img-caption"">学习蜗牛的持之以恒精神，慢不要紧，我们最终会到达目的地</p><p>为了生活，我们可以去学习泰语；为了梦想，我们可以去学泰语；我想对于目前的我来说，应该两者兼之吧。语言是人与人之间沟通的桥梁，很多人学习语言，究其原因可归纳为三点，一是兴趣爱好使然，天性中有着对语言的敏感及热爱，这种人多半心思细腻，甘愿做一片衬托的绿叶，并享受翻译的过程。这种情况学习泰语，只要有名师稍加点拨，很轻松的就可以在翻译市场咱露头角，很羡慕这样的人群！二是对这个国家的文化，明星、影视剧感兴趣的粉丝们；三是高考失利调剂专业或者家人逼着去读一门自己不喜欢的专业，这种人可以说运气不好，一辈子从事不喜欢的事情，即使在这个工作岗位上兢兢业业，一生的事业上也不会有大的起色，因为缺少了“热爱”两个字，一切无从谈起，即使花再多的时间去努力学习，也很难达到这个行业理想的高度。很庆幸在三十多岁的年纪，我还能醒悟，不想自己年老那一天，为年轻时的不够努力，为年轻时毅然投入自己最喜爱的翻译事业而老泪纵横。现在不管如何，已经没有退路。不管你处于上面哪种情形，跟我一起，拿出你的热情，疯狂学习泰语，学着跟泰语死磕！</p><p>已经不完全记得当年为什么会选择走泰语翻译这条路，目前唯一能想起来可能是工作的关系吧，那一年在旅行社国内部上班，挨着出境部的同事们，整天听到的是各种关于泰国的旅游宣传，或许从那个时候开始关注泰国，开始关注泰语，泰国是一个全国百分之九十七的民众信仰佛教的国家，民众普遍生活态度乐观，热情祥和，也有自己信佛的原因吧。泰国还是一个慢悠悠的国度，自己性格也很喜欢这样的慢节奏。总之，各种机缘，让你跟泰语有缘！！！</p><p>男怕入错行，女怕嫁错郎！我可能属于上面归类第三个，高中懵懂得去学习了美术，一个至今都很不愿意谈及的话题，实在是不够的热爱，三年的坚持，换来的是极度自卑。后面的学习可想而知，只能边混边不情愿的读完大学，当时读大学也想调剂专业，那个时候读大学不好调剂专业，努力过一次，跟家人野沟通过，最后就放弃了，混着读完了大学。这一放弃，后面的生活也是一落千丈，事业没起色，何谈生活！这一放弃的代价太大，如今已经是两个孩子的父亲，每天卖小菜撑起全部家庭生活的母亲，自己还没有足够的能力去承担一个男人应尽的责任！这点实在惭愧，愧对家人！</p><p>在工作的前几年，为了弥补高中大学留下来的遗憾，曾边工作边尝试去学习了法语，韩语，不过每次都浅尝辄止，母亲对我以后从事泰语翻译的决心有点不敢相信。当时想法很简单，没选择读英语专业，一定要再学习一门语言做翻译。英语专业普及率太高，也出于对未来就业的思路考虑，去选择学习小语种。学习小语种一定也要热爱这个国家的一切，选择泰语是缘分，自己很喜欢泰语这个国度，坚持学习几个月以来，坚信自己的选择一定没错。好！就泰语了！死磕泰语！</p><p>有时总觉得选择自己喜欢的，可能自己会做的更好吧，不让自己的人生留有遗憾，不努力一次怎么知道会不会实现人生逆转呢？满怀对家人的亏欠，自私的讲，也为了自己，因为自己觉得如果选择自己喜欢的，我会做的更好！我会更努力，更有能力的去创造一个家庭生活所必备的物质基础。</p><p>与其去纠结你要花多少钱，报什么班，不如先自我审视一下你的动力是什么。学习小语种兴趣很重要，兴趣可以支撑你以最大的热情投入，泰语里面的元音，辅音，声调，复合元音，清浊辅音，前引字，复合辅音等基础知识需要，跟我们小时候学习汉语一样，最基本的声母、韵母，数字，组成一个一个字，组成一个一个词，最后组成一段一段的句子。</p><p>在这里推荐基础1到基础4的进阶系统学习，从基础到高级，线上一些泰语课程主要以基础泰语1，2为主，基础1是最基础的元音、辅音，声调等，再加上简单的课文，句型，词汇。基础2则是以课文为主，训练学习者的听说读写，如今网络的普及，泰语网络资源一抓一大把，各种平台，比如yy，微博，微信公众号，贴吧，包括现在的百家号，今日头条号搜索泰语都会有相关的泰语资源供你学习，前提只要你想学！不管免费还是付费，你都可以根据自己的经济能力及需求来选择，学习资源最重要靠自己，自学能力强的人，可以找免费网络资源学习，自学能力稍差，可以加入泰语某个群或者组织，互相监督，一起学习，不懂的问题也可以多交流，总之，学习语言贵在持之以恒，不懂就问，不能懒惰！终有一天，你会发现自己泰语学习会有很大的进步！</p><p><img src=""http://p1.pstatp.com/large/1f7b000037039b6112d0"" img_width=""580"" img_height=""435"" alt=""我的泰语翻译之路，学着跟泰语死磕（连载日记）"" inline=""0""></p><p class=""pgc-img-caption"">泰语基础１到基础４教程</p><p>很羡慕一些在校的学生们有大把的时间可以去学习，如果正好是泰语专业的学生，更可以如鱼得水，光凭教学的师资力量，学习泰语的氛围等这些都是自学泰语的爱好者无法比拟的，所以自学的人，要更加的刻苦努力，抓住每一分每一秒，你只有比泰语专业的学生更愿意投入时间，才能学好泰语，更何况你以后还要成为一个以泰语翻译为职业的人儿。</p><p>我的泰语翻译之路还处在起步阶段，只是想跟泰语学习者或以后成为泰翻的朋友分享自己的学习历程，学习经验也不够翻译大家们的精辟深刻，所以在泰语学习的认知上有不足之处，希望各位朋友们给予中肯的建议。</p><p>后面的文章会以日记的形式出现，记录一下每天学习泰语的过程以及学习心得，以后如果你也跟我一样立志成为一个泰翻，请关注泰语luo知乎专栏，随时关注我的最新日记，记录有学习过程，也有个人生活心得体会，一起努力加油！！！</p><p>今天先写到这吧，东湖边上的风吹的凉嗖嗖的，我要撤了，以东湖美美的湖景来做结尾，明天待续！<img src=""http://p9.pstatp.com/large/1dc10000334b4ab268e9"" img_width=""790"" img_height=""590"" alt=""我的泰语翻译之路，学着跟泰语死磕（连载日记）"" inline=""0""></p><p class=""pgc-img-caption"">美丽的家乡东湖边<br></p></div>","大学文章经济欢聚时代泰国","教育","https://landing.toutiao.com/i6415750889822224898/"
